timestamp,txHashes,end_timestamp
1712160834.598971,072afdafd9e28368683c748bfe79e9f6b2302702f13906fa29fc9deab03c1b5d,1712160862.0
1712160834.598971,665e1f646c2874e78d2af33666834139df577c583a17cc8544f22fab00cd9f4b,1712160838.0
1712160834.598971,e3efa58e5a9867aadc15022d7405be7301fc1d15ee7cd23085f36378e9451969,1712160838.0
1712160834.598971,e7ca8a51529557d9c1bcb94008fd58727bf59372bc2f043e5c4dad7978519d34,1712160862.0
1712160834.598971,427578a4829e5f90957a89cef8ed147d6b29a16d70f4ca6247d0cb4ce4f3b28a,1712160838.0
1712160836.244748,1fa310671acf8b6a987586a7aa2ca540362336415d39b68d4a8ceeec9d02eda9,1712160862.0
1712160836.244748,fd2f867ddc6be0af081d59cefaa938dcdad32cbe52336752244d8cf5f89766bd,1712160838.0
1712160836.244748,ea3b433f33aebe92dddb9f8f9795171c4fdb3cdcc5e12dede93c404a8191c267,1712160862.0
1712160836.244748,13f12cd9c2f274fef692caf1ee5e646aceaa39ea123d01b8422e7a312546ef2c,1712160838.0
1712160836.244748,9df3fe9d1366395cc4b6614f173cf879e49b3d26a5aa63e6ae547b88bee49bf9,1712160838.0
1712160837.774449,256130c37b9cdc37b25b551a9676e841d1302679a78e77ff033f16979d0fbd90,1712160862.0
1712160837.774449,4edd486d9eb4d75754ed13a34083826461b0ef13fb6192fbf9f7cee8b440f180,1712160862.0
1712160837.774449,e1440b30daeaf121c0108479d0a99d95b8d0f4fa5f935e12668641322afd5471,1712160862.0
1712160837.774449,6bda510dbb27964e27130f051129160cc72dfd6ffef5c2300df285ee83ef4ccb,1712160838.0
1712160837.774449,2dd8d7b2f0f3ad821df097cc50604e1c5f014e688701c83a96041bfbfd63e42c,1712160862.0
1712160839.480672,45ad7f681e02181932dec1863701592580894ba11c7ce1f834ebf5274ac283eb,1712160844.0
1712160839.480672,2909768c3f097d1488b995c145009c277cab29b44e6cf63f3ecfc3f167372f09,1712160844.0
1712160839.480672,1922a045233bc6a2d7b2984cfb355b986b3935564537bfe2fe8ef59b7e6f3f4c,1712160844.0
1712160839.480672,6d1a7a930c73052aa35b4e6b15fdd4821612c614855ce3f2d165aba73135d764,1712160874.0
1712160839.480672,50888c6de3dfcc501720e2a358b39029bd799b6fb0447668d6a8695de0ebbe65,1712160874.0
1712160841.324401,14dda5b2f03c7128ba3714415d5fbbff4fa97e64824546d5be657b3ff0132bf7,1712160874.0
1712160841.324401,1dfef8ce4c76b1f306410dfc76583356ef2907858a190bfc427aa17d9c544a9a,1712160874.0
1712160841.324401,fe2507bad42e922408967877d6b36574a94bd06912c4c3b6edd2e03dad59d8a5,1712160844.0
1712160841.324401,1eaf67bbb251d1557671e1581b5e411333f3a464869d314c7093b2812bbf1556,1712160844.0
1712160841.324401,235137579e7b9ef48ccc33b764b5bb1af683e1ecfe045be4e3534cf6d53d7e6f,1712160874.0
1712160842.911585,fcf08c5e7bdab87868e2206e198d37d07745770f84dfb4440b074c9a6db14b1b,1712160874.0
1712160842.911585,3512d07632747de94d75096788ab8e07b7d5653538470384f9672460c7b814fc,1712160874.0
1712160842.911585,3149eeb084058077288142a800cce6a444458731c3ad1839118a47ba6fc388d2,1712160844.0
1712160842.911585,626453c573f6175fd5dc0b471d432f7d9756bd3a231df4318d26c1f4ed2f3f02,1712160874.0
1712160842.911585,1209d2631248f769d6e1c367e244687ecfcdeba8b3095d23c79898b7f10e172f,1712160844.0
1712160844.658185,9b30cc3181f0f3c4dd90b72c1c75fa95ea7fe44d15a15a8052bdffbe524c455e,1712160874.0
1712160844.658185,c75a0b4767203063b9d5dc99295bfd0ea362928ad604472dc7d3015bf66d2c52,1712160874.0
1712160844.658185,7d63c3b4c3fd0cf4fda20a61a6e6efdc559ed5e3cce22c890731f4d8429d88f1,1712160844.0
1712160844.658185,fbd10f5627f65cdb5a9ac0a9bee8cf64b40641ead998f62d48115d78ca7b0739,1712160874.0
1712160844.658185,c190d3428346eeeb3ea420d66864ebf113b403297a0d8120d47ee2e29b7433c2,1712160874.0
1712160847.009955,5056932c7b7b163a75ff3413259892b5088aed3550f5f82a740eeef305ab2312,1712160850.0
1712160847.009955,28a0c1661f741ad816b71d31ce8aa7dfb0b77f738a6536543727ba4e4b57d991,1712160850.0
1712160847.009955,a7536cbce59956934c5ad91a15eb480f3a1c74f8b2d0afe6deac86dca473203a,1712160874.0
1712160847.009955,71fbe569b130d5d2eee172eff03ed16c9f3a84cf71ce9a1fc12a4d3349123c31,1712160850.0
1712160847.009955,082ab0e3291f0938edd1cdc2ced1dde9f7309e17190d6f7f64a2b047f70202e9,1712160850.0
1712160848.451354,40b142997ffbcb79c7f7bba7cf85251007de79e7471b8d5782dfebf14520b80a,1712160874.0
1712160848.451354,04a33f824793545ed6d0b29d45e3fc575a3fca7a350ae5f078bf9f161d675390,1712160874.0
1712160848.451354,6d8248a00b887e5bf2ad450f1f8745582fd3eafcc413c8fa971a007cef85d365,1712160874.0
1712160848.451354,03a0f0362f22641833b9cd15ba5519fc5f63e0e7cafd1a42dc59cba6d13e5fd7,1712160850.0
1712160848.451354,de4fc4c38ba513548366486e3d8659a342f037e1288b9a380a743d8528d5d42e,1712160874.0
1712160849.834927,90ff204e16195328786ee639206477e08372e67ec3edb6643004b091418c33e0,1712160874.0
1712160849.834927,9acc17915868cc76086934e26425f0a00350ee91d68ea40cf75c65fa4d8f2bee,1712160850.0
1712160849.834927,76c0e585c909054f52692d8750fae69724e7e4d402b5611a5ebff13b78e66b1d,1712160850.0
1712160849.834927,53a6819032919ab1288e515b81c069af4d27a429bbae9c305a78bce3a8716247,1712160874.0
1712160849.834927,5eaed5022397954628a7e31ef09ded7eaffd523fcf5dde7a6c1e559730af6135,1712160850.0
1712160851.966657,4506034c91a1e3434bd20e7eac77222f0b7747474fa6b711a86638d0e2927547,1712160856.0
1712160851.966657,75c82c0264beb61730ce42a8030cfa3c4a652987c40f18ff524dc03ff6614d44,1712160880.0
1712160851.966657,3cb7bc712bab16d021f22237d3441b0474bec4239ffcb1254c42e9a93ab04e67,1712160880.0
1712160851.966657,dbdfb9a31c47011b197162e38081cae3345fc59a2de2fc05178b743555893327,1712160856.0
1712160851.966657,b954d9fec125b9030634a411466f665c5317cc59d8fbfa3ae303e789f430e5ba,1712160880.0
1712160853.512262,825a522e696f35fbd22773536539e32e1f79c227cc7e907b242c9d0811237d11,1712160880.0
1712160853.512262,a175483ca04e0231a21d16242233e97c9af5814684e732633f7db5c7a749329e,1712160880.0
1712160853.512262,80c33035de0e3361c344866a0dd0b961d08328dd4ee2015333bc167ecc96ed43,1712160880.0
1712160853.512262,0c8d9b09d9b4fd61edf46d8773f31da9280f35110c67fa6a1abfc4940e99defc,1712160880.0
1712160853.512262,5dbe9d6375b69eae04a840d0f7fb356678d948a7a88ec21429578b4a1472b4ea,1712160880.0
1712160854.96359,5860fa3643f2428000a3bb9e4f370974bda3cc5138d93707ad9e1716f11f1013,1712160880.0
1712160854.96359,8d9aeebff185e8699407e15c37f0ecb8e8624154b56ad1eff66908cec34e6b0a,1712160856.0
1712160854.96359,393b15aee3066d28ed610be20327a9f4bb5919eba5274657912946fb371cc9b6,1712160880.0
1712160854.96359,dd6d7ce540f9657172ab72652c91a0862ce6e7c6f8066d49724c1fce10ccf424,1712160856.0
1712160854.96359,16f91dd65af2b90244975000faf505b34e5da0bd8a27ffa0b547766021403d5c,1712160856.0
1712160856.658717,0e29fec0ef66a8752b0ede28304d00b0e04567740db618c59951790ddd357570,1712160880.0
1712160856.658717,fe8ac3e97b9586593ae14ae132b1e55c36e2f0cfa96fa03cb0e51663053213f4,1712160880.0
1712160856.658717,7873ebf72fab012333448bd3cc22eb6a46e38c53665b8c9e209b5e344237d729,1712160886.0
1712160856.658717,98c29dd4b3497228197d76214eff8cdd1423dbe6eb839924f6c9c6e6c7006de9,1712160886.0
1712160856.658717,fef264af2411f932f17c9972c26ba8d6f82c724f89be7f09448964f3d060ac31,1712160886.0
1712160858.521831,6b021ec337a9f06a44cebb0df4c93542ba3132f804403b71aec3595ce2567305,1712160862.0
1712160858.521831,08538447bece99931d79b5adc800faa0d3b458af3c19ee02a8e15e6450b023a3,1712160886.0
1712160858.521831,1c58290a64a39143c7fde1dd90a0d23db15270e4ef1c275c7cfab393f22d783b,1712160886.0
1712160858.521831,0c9a9750d693d66a2efdc60ec660d69adacab2af718589ee97969185ae464879,1712160862.0
1712160858.521831,4b20c42570acdeb88d55258735cf7839bb9f367ba477203ba9fe0c437c0535f1,1712160862.0
1712160860.182615,7237f0c133b397fb345324137c2edc2ab650d4010f12aa5c156f63d2eea810e7,1712160862.0
1712160860.182615,614d7cf644a5b1f8390e8cb18ec2c064a186769e6acb03f37c2aad7dd768cf8b,1712160886.0
1712160860.182615,afc6bad259d19ede5d481ed8c25529893d6b9f0b3abaa125684ec5011eddb06b,1712160862.0
1712160860.182615,3e3138a8c52239e4140cfdc79ab896b1d8c5728ee2949f88d602bc1220d9fd24,1712160886.0
1712160860.182615,bd073a508afd2562186814a79ab14f239f0d40c0d0a6b7e53c10b34f192a94fe,1712160886.0
1712160861.661333,fe4a5ca031b15b4ed0ce38b9c3264732231bc4b6f3924a80f8b43c65a0089d2d,1712160886.0
1712160861.661333,0411232b93d4dc6e26a73b22fd63d55281911752c2651edb7fd8cc73669ba291,1712160886.0
1712160861.661333,dbb78f683e0afdd7b25d86baed25c6e0e268a3023b08552fa70f3d9dcc64a712,1712160862.0
1712160861.661333,244a055d27147b4896adea898802cfd3ba63fc8b41852f2addd1fd91b528d0d6,1712160886.0
1712160861.661333,23487a5d864e4c687029a8be43168ac92ce974910b4cba82d3022501d78af454,1712160886.0
1712160864.082485,4caddc1249d535689d48f7cb966157a7c8c68f604b8b298239b3666145732e9f,1712160862.0
1712160864.082485,33788d4cd0ada28cebe0aa6f04b75962ea945ebf96334051e948972ac99b1a6e,1712160868.0
1712160864.082485,22b3bed87772afd6dabb23d56d662463be97bd95c98fbdb3473d41cc95f02316,1712160892.0
1712160864.082485,a0cb635f54096e8dbc88640acb703f8cf0835d2cb9021401a4a71619397787d3,1712160892.0
1712160864.082485,a2bf7cf921bc2f3a5e4149e15d0a1febb4d9d5c85151d499b694b284b5f3c577,1712160868.0
1712160865.578663,0d70da38c14643129044f1612cbe6141762c9e0ea287728f093cede74967d7c4,1712160868.0
1712160865.578663,e94d2955119e7a3b045dea259ac85ca4a97469009fda3dce336a5e6c6cb8e12a,1712160892.0
1712160865.578663,37a88ef28f4c4b852bdf47eb03170e237b8fcd3d7fb6f65f08ed4ee666bb8b64,1712160892.0
1712160865.578663,52a325f76735f47935fd7d56b8e54fbd27440b9e33515573f5f89e864dccf143,1712160892.0
1712160865.578663,047c185295133b8a21e89bb93c5006a33451b8199510aae28114f94df4921dcc,1712160868.0
1712160867.200422,efcb42bad5d8f109acbe643d15e43e30e6183585416ca80e9dec1c66503b19c0,1712160868.0
1712160867.200422,cf9acadfe97638513cd4dd1ad54ab84769437f0819fb5dddbe3fbd87d814af24,1712160892.0
1712160867.200422,4493c4244d83c088ba2e88775e4367b224d724c6ce1031a4c7664bfbc513b3d8,1712160892.0
1712160867.200422,193af5e479bcc2ec108ba989dbd30810ce3ddf35370c98bd76d6f2a417a5646f,1712160892.0
1712160867.200422,937b385be8907824466c09eca53e1de8baea6760c7af855ba55425fb2ab49869,1712160892.0
1712160869.91606,0a6190b983bc2814ce1168a955182cecaf9b594e5ee20787898765cf3b512e2e,1712160892.0
1712160869.91606,d57111114b78d6940f223d62238e1a8f7193a0c8f7737a5296057fbd246cd081,1712160898.0
1712160869.91606,5421842e6eb79b1113a773add9e33596870d9009997a5e75d9f526bb3fd92c71,1712160898.0
1712160869.91606,4e3f6fc80f43f1bdf68b204e2c175156b30d368a389bf7c03d9fb953679d1085,1712160898.0
1712160869.91606,0756738ab11041ac2f68a96fd8de08cee706cc683ddcec40020e7335becc3b3c,1712160898.0
1712160872.562935,c7d7b384b05c3e92069c619931ab5e1503a47af51cb3e0df9fec7da2aaf10700,1712160898.0
1712160872.562935,f2660ac5ff7992f32d4f4c55ca9553eaf5c4ef024293ff603ed2d4fda6a1056d,1712160898.0
1712160872.562935,84de1f7d8c7cc993a0ad45d14a34e8bcd1871f7e9cb1094daf17a1764a5112d9,1712160898.0
1712160872.562935,a80fbe67aaa9283db390d2352c57aa7832108654c2b082b5000de8102ebb2627,1712160874.0
1712160872.562935,a72706365e71b16ebf44049ca748f60ae6ac4f5cc8b582cbbbebe3b04be14dad,1712160874.0
1712160874.445229,362ec7953255eed8fa1b02235316d7dcbec532be41bd138a098bb64079abb5d8,1712160898.0
1712160874.445229,f732952c1885e09beaee5a076a12d74a87e1df2b149eab9dde8146d79666ec3e,1712160874.0
1712160874.445229,886aa8cda8dc928aab335e2773920449d133dea9dc0633df2973c2cd0c366cf7,1712160898.0
1712160874.445229,96d6d05617fe3b0eed4dd376d25d275d4b0220d96e8df6b9170ffa4369621a1d,1712160880.0
1712160874.445229,f164515ea0c4b255153f4a96617cdf647deb7035fbe667c013b3b6e908be45ad,1712160880.0
1712160876.322224,a0ab3de0344aa19a7336e8e21f1a4425cc2f69fc0ac7199852763f45416a560a,1712160904.0
1712160876.322224,1334789dd531250bdb4d2dc9762ed1d021b88df503430eecfcd9e7b7467080fa,1712160904.0
1712160876.322224,b29caaae8b94b0ac4ee6aae748ff4d44958f99d6c88dfbfbacf9484e30c48860,1712160904.0
1712160876.322224,a5c56ab32067e231e408705af68b64b0a41aae909132b0ffba7bd2d6219be1ad,1712160880.0
1712160876.322224,174bbaa201941a3af78b802380767158fcbfb6201ed992c561e12fb6e81148c3,1712160904.0
1712160877.89567,e5e7aacfe1d6d639c1abfb60d034a8c219288efc6cd05475cf0ce95c7f84188a,1712160904.0
1712160877.89567,630cd5e4a47922f2d086482a4ec3e620adc6e8c46da00bdbe67fc96900763189,1712160880.0
1712160877.89567,115f129de83622f53db33293381a3954bea572ca5488f14b0f260da4323643f3,1712160904.0
1712160877.89567,e6758488c928db35c82f270dc83092fbfc0b23419c44f92aea5d4ae717204111,1712160904.0
1712160877.89567,5030f7ee4e5a12342907ecbeeb4967b4757a17c0545e093ca4dc8ec3007f4fa8,1712160904.0
1712160879.353812,d5123e03739a81129a5b99d9e5af3f0b3ac286a06a8492291d2b837f20af920e,1712160904.0
1712160879.353812,21a7fafa6f0acb151cb93e2014dc6cee63a41d002f88cc72986442a03162b9e8,1712160880.0
1712160879.353812,68889d0d168881a3961dac03121678bdf9b11f10cab8656eb2c04e60e6e69623,1712160880.0
1712160879.353812,175e5c198908b8ce4d5e398aca185e5f6db21a7bf076f0f7c9572a85a03be169,1712160880.0
1712160879.353812,cf7a40975a28c98bd02f3f3dc75a198a074e5c8d4fb6edfd58c1d7f9d2735923,1712160904.0
1712160881.095309,b6e31d8de714f1e27b6b0d01e117fc331c6cdd5ce9b30179610bf3d31670a94c,1712160880.0
1712160881.095309,413a7a183b0132854a10fe0c30b65c67c2d3870707d1c6d8bfa9e995424917f4,1712160904.0
1712160881.095309,44ff5e99d3d110b9fe15e90543858d0fdc6bc01b491f121ed58a8017ab1e4c16,1712160886.0
1712160881.095309,55d27359381aabda3fd8af2e62e07dcc5e204c10baca21891f71e26f6636da0c,1712160910.0
1712160881.095309,1966ab0076e597eda8dcef727b3ae63ece20dea3737c15e084a2045ffcc11998,1712160910.0
1712160882.9506,891d7e6c3ad862b572327fe7bb5fe2528d1eb2ee03e24e358d49157f0b292be1,1712160910.0
1712160882.9506,d062326550af27638b8c0de4986790222f94c181b0058d16e1868adf074927b2,1712160910.0
1712160882.9506,f3ec90aad211304504c7e8c248bd08c362010094e346b35a3fc88d0f18c7cbb6,1712160910.0
1712160882.9506,7126d4c3ac828cda83fc8a4b00779ab80a1015ce863f57ea6b6862974bcd7791,1712160910.0
1712160882.9506,2205580786a4c861b449133ee37f7a196dbd3a791d12740756a7cc9f5d71615e,1712160886.0
1712160884.387299,20d6a2fbefcb118ea7e3d5abdc21bfdeb9f47f4f84467fe2fff16cd1e4975892,1712160910.0
1712160884.387299,bee47ecb4260d77670cafa14f616e08ee3ddbbc16e4d43a0ec0bbecca0e72e3d,1712160886.0
1712160884.387299,e5cde298cf9eb64da7b274bfacc0c83daeb70ac371d63a1fa9ced946cc58d7f5,1712160910.0
1712160884.387299,d48360e1e21924872013fadf08121ed2d719730a0044b284791292565d50f52b,1712160910.0
1712160884.387299,60a50847246a87471878f251e6fb619e446059cdedac5b3d3f5a1380612fe67f,1712160910.0
1712160885.874848,4acb711c167301d7c726743ed383dc37dfd3e24d63f72a78e8d9826545aabf83,1712160910.0
1712160885.874848,2e56db014ffc84c56dda02a525c4366dee7f27022836e59d6e70150e3cd4b30c,1712160910.0
1712160885.874848,dcd1186313d4429a9a36f2120a93d1011d760bb2b1e526a915bdf27d1fc87366,1712160886.0
1712160885.874848,da77dffa8ca5863a53f72e9e85c1db399e1b9246ba8e8af86bc5439dc8886f8f,1712160910.0
1712160885.874848,6af80599aa65a443dfb167e4dc01f02ab2379367dc9b94cd3a47e8500a32f924,1712160892.0
1712160888.355485,7092a72ad104dee1be10d8938145d7b2658cc97e3de86306f740b63d08e6c940,1712160916.0
1712160888.355485,4aafc5c0476476ac090afabc4a2d3227224f833fbb8bd5b02004e41a8f8ae317,1712160916.0
1712160888.355485,6d11a7cec629e180cb2e6cce7f249079d4c4721865cda913bae3381662222b8c,1712160892.0
1712160888.355485,d19a5c864afcabc57c81392f73920332d96ba196e6255d17ce80456007df4772,1712160892.0
1712160888.355485,bf567bb6686328722555e8ed3b067b1789a75d411eadecabc4be7d10100ae7db,1712160892.0
1712160889.843083,f6d50a3374c4b0a3061f40e8d14a574c8b350ad261e36a3ce8db743b20dcb1d3,1712160916.0
1712160889.843083,9578e2c7e3ec5a409d50633a295a5fb5a26e272dc62fd183c797cf751624db70,1712160916.0
1712160889.843083,d6882e303d38a001e36bddf74a25c105f7c00fe7a8ad7ee704471c2cf114c6a9,1712160916.0
1712160889.843083,32e76829acafd5228ad17ea44bc13bc74a6f055be832f0060cee2ce6982ecfa9,1712160916.0
1712160889.843083,1840f2d77c63892c8c159413ef51aa1b71962c3311072560d94f4ff1f2f55bfd,1712160892.0
1712160891.319037,2718b6f13e0fcc3bba88183ab53535d7be7349a21dbfeb81014bc49cf9800d89,1712160892.0
1712160891.319037,d68111b2f0587fbf1d55c7db9374f4a500c5236ba9ab1a70ca25d60a974b71e7,1712160916.0
1712160891.319037,0b12cc9d398580cf7acddcf5b429b58548d9a5f191c77034bd482a17771d19a7,1712160892.0
1712160891.319037,48f087979f4918171483674d2207f61cbefcddc6e96fbe985612e3f1c6fc2b09,1712160916.0
1712160891.319037,3a301d22e9c8d16a87d3a53047582c0fe659ba232e0ef61d4995c502a37aad48,1712160892.0
1712160893.670712,9ab3d552a2e7bab8ab46021fb19fec66d7f3bbc6e139e5dabf9c710accb8164b,1712160916.0
1712160893.670712,b565972bb785658645cb00d3c3c8b00c3dc680b69431c06bde5e8cdf0f87e04f,1712160922.0
1712160893.670712,b4b3bd80cef51bd19fd81dea93f6cf3d8993b2fcc47b099d01969e0f19664417,1712160922.0
1712160893.670712,e91e8b3ae43938027cd9326a4fa55c577c1026a5ffaad3373f884aa8ef209b13,1712160922.0
1712160893.670712,0a05c4271711858252e27295514ae88225d6bdcbcfb61ef98f4aeb729f9c91ad,1712160922.0
1712160896.013824,b745d567df9c4ad6f4b0f13710a1911b71b0ab5835a579832f117073473981df,1712160898.0
1712160896.013824,cada54f0d74d195f808274cc307b855cf72cf81fb8a66ecef3e94db99f92f871,1712160922.0
1712160896.013824,cf1889b6061f85bf0d9b6c034a9fc232d7f8a2a48596e101c499746b485e4ba0,1712160922.0
1712160896.013824,73e224aa6f3f8a3ac16ec05a512554df4371c9b5b573ef34588ca6b1520e709b,1712160922.0
1712160896.013824,2da3d27c2384cef173fb3be8f5644b5add15cea016b689352577127976bd3a8a,1712160898.0
1712160897.557673,a1db9cd3c8cc18b08bc5280782fffa088669a484b92d586a6d823fd9644f17db,1712160922.0
1712160897.557673,aaeea9a4a97c074f7e50f1305944a176cb28da6755ef7e8fd3ab5512d1cab2f9,1712160922.0
1712160897.557673,d7c54f88b159921f76a28e7e8bae447540b08bce53a59fdabdbacb37b832ba5d,1712160922.0
1712160897.557673,f0d836b964411e7ac4eb9f1e360377f4cc09ca738370aa7c978adec1cd4d5453,1712160898.0
1712160897.557673,37eb51ecfc3ece8cda5eb5be301068843880bc1ccade1883ed0dc5543f41f4fe,1712160922.0
1712160899.320753,2e39c77581aea04e33101e42287fdd7954d237bbc7ab12f907b3556ec6af3b20,1712160928.0
1712160899.320753,b7c12d7d8f5547f1d40bc26ce933dc9ff52ae0aa38c4d836174ca3aba0535729,1712160904.0
1712160899.320753,f6b8588a9c47fb2bbffede97357c7c6d8d7a6c6fc185a76f055c9ee8f9a4c9ee,1712160928.0
1712160899.320753,763ea32439f8c802d4a13d7b134bc2907bb9449fcca8f3a3700b5ebd7c4ec936,1712160928.0
1712160899.320753,106874d7d728f6247d44e0ccb8542dba5252d2a9c2c9d0645b7bae3e5a8ba6b8,1712160904.0
1712160901.249978,731f11540ec1d9c95b95b0b8c22577f0a13074399936e4b5f56ebad488315102,1712160928.0
1712160901.249978,c196cc2c38b668d127df98cadb8e6026e3d14d93ae891ad57ef239060c9b3333,1712160904.0
1712160901.249978,68420a0330e394c94c2fc4cc31073a7ef5f1045f18622389293b4309b9080ec4,1712160928.0
1712160901.249978,d2dbcb8cae80a9364929d5a18d1df875884e0e2466fa1e90049f50adaa4798e8,1712160928.0
1712160901.249978,65d9b66ad1f6ba8cd58e354ab2fe48771bda3ddb81bb2c0221f3bed816c8ad90,1712160904.0
1712160902.843323,1378b257c6795094be4cc217e945307493cbeec5f0a1bb129bde4af6b15e11be,1712160904.0
1712160902.843323,fe431f89f771e32bc495865e03b8b9d83f7ec8089133460c931017b4d11cadf1,1712160928.0
1712160902.843323,a4431ed7bfc73b63aab30c37b5ea52ab0cf32fc7270aa53e99fd154a288225cb,1712160928.0
1712160902.843323,d067dfa3fcdf3dba3828fe4ae65e87b4ff6b896e839ac084a6bfb968aaf08cfc,1712160904.0
1712160902.843323,3cfda629532b49da0be7cb08be39085d201a3b299997b2b144e2f597ce59af30,1712160928.0
1712160904.561321,eeac21690b36de6cf8c1bb0b9078fee7ba9c173fa66dc3588624a55d3c54466a,1712160904.0
1712160904.561321,3a8dd88068fc1801ab995813cc952417e495d662a48a3cfb97a9b52b77ed9a70,1712160928.0
1712160904.561321,4918ce31d2f26c07918329c24b4d8c326aa549b79a794596339ce1b655f97af4,1712160910.0
1712160904.561321,0085eeca1c5920948903dbcbd80712a7e18ae4b39f7dea3fa6056575ac749e15,1712160910.0
1712160904.561321,a878cc094b658507a32724158309632a01da8733ecbbd7ed0e6deb1d525f816a,1712160940.0
1712160906.676472,57a8407e364ed420652c3ef87023772c7189a059eeec5ec486f2836131632d98,1712160940.0
1712160906.676472,f39c82e6b538f20b7a774185d16b5bf3bd22be700736123263752beabf530f8c,1712160940.0
1712160906.676472,ebfa9618df7b88fb7b0eea6a6908e0191197327b0781b6dc2f6070b805782749,1712160940.0
1712160906.676472,9641b70dab5febd2ee1385ac8975f15483d38ac821e93b8a8c8c08a5d311483d,1712160940.0
1712160906.676472,3db6be8551cffc8744a83ca810c921cab819eabe5c73928a619039daa4072ab2,1712160910.0
1712160908.162405,c8837917b68574acc781c5d5c47057d397369197da81238c6b357fa9bac688bf,1712160910.0
1712160908.162405,a4a8d1897bd02243bf3aa254aeb377a4390cddbf3ac803cd9ead72495de19875,1712160940.0
1712160908.162405,90d03e61a99ef5d9ce14d3e680e0e40b8759a48b1cbbb1ed792abd811778dfb0,1712160910.0
1712160908.162405,db0a0c8494213e5c39bdabc46f42f483a6fcf5500e3a5bc4594d95b501c0fd27,1712160940.0
1712160908.162405,7af80392bcb54373279b7644373deb1bd6d2d6e747363ed39a8476d45e405d19,1712160910.0
1712160909.609827,c8b669532ad86513bf9c4b2b4bd31dd97c39e8a8584936625c078d1ad2783173,1712160910.0
1712160909.609827,1e5b9aa73ccb4217c90b0a11c467fbfb63ba1d5781b3ef23893ec3926517c30b,1712160910.0
1712160909.609827,b4515fc675a9255c4d61710e8ee57a95b4601e11f961ed8df2a8301a47a862db,1712160940.0
1712160909.609827,d2825a67e75348973ab06ec275801e8df97bcc0833df34756b72ab49c6dd212d,1712160940.0
1712160909.609827,0383ade07594a6996cfdfc82b047064ee7d2b5f3b5e3ad8fc75fb4a929cf856d,1712160910.0
1712160911.612075,659e457b4a0be5476e5845266484a96cfcdb2f55082cf32902a1b1c64634ea71,1712160940.0
1712160911.612075,4bf01e76292a1e8b003832da05662bb66ace62fbcab136cff093f2143f5e5c35,1712160916.0
1712160911.612075,ea783a34f80337d63df7b36745ab2a01df49d4e1ede9c5490ecd4929299d374e,1712160916.0
1712160911.612075,a7f5e9a34fb867404bd43a8edacc95c927defd75d1baaeb79c63132f0cfca07b,1712160940.0
1712160911.612075,17034014210baabc7b4d39e8b87f549277ed267b854e7a10e14b9ebe9a2c8b97,1712160940.0
1712160913.316353,bb823d8730b140877dec0ad378997270ff51b1c3df4fec2077d84a6a966abe13,1712160916.0
1712160913.316353,cfa9a3d92ef5e2be6830e9332ad119f8b60822cd903e3b481ad6bc9d47942a36,1712160916.0
1712160913.316353,b8d4c4fb5f1f886c2d033e7e4455df1b90a0bbfdcc24d6523a3950f27d5e4692,1712160940.0
1712160913.316353,006e13b3a5e45573ba98c41065adec4f2e16cfec419c1266084590069d14dabd,1712160940.0
1712160913.316353,8f285913367468d9a13d06783032370bde360b5989f2e47fcc7f706f4da2bfbd,1712160916.0
1712160914.796781,f4eecce00cd59607a43acdfc1dee401723f488204e01210e6786a8201040d53d,1712160916.0
1712160914.796781,f10bf2dd27a3e37f27f7cb8e1882c84cfd01cdad14047e995c8135fe64a4535e,1712160916.0
1712160914.796781,7ad41443e31ca465d6f709aed3bb2a87ad4ddfe28d649161782701469c361082,1712160916.0
1712160914.796781,c2ffeafd26beef9c8df326f5e8f198c87010c868cb06ae27abad51596e723459,1712160940.0
1712160914.796781,10bd7665dc3bdcce52ef93d8bf89e7c36e8a2bc7287af8741feb6e758b5ef1ad,1712160940.0
1712160916.603563,a33043edafd3964e6308a4e48084c486db94e6691751055eb75fdadb186397a3,1712160916.0
1712160916.603563,4180380aa2ef738a3966d115612ee0311e4119ead4e76864b191e7f3caf011a1,1712160940.0
1712160916.603563,692d45fb2c79f74b9d0d0cc1529e52f999b918950f456718b72a31141438e052,1712160940.0
1712160916.603563,c0a813e0275407d9d728f6a8deef1538a419a3d0fde1e9d55aeac5e6636eee08,1712160922.0
1712160916.603563,dda013aa833f6bb4421671c2c77238f47117dfc34bf4d272d591d2fd0ace0ef6,1712160922.0
1712160918.567,cbc67297b1a102afc7d594fd8d348a3e4204635a1206a4c55044f88d360f8035,1712160946.0
1712160918.567,0ca6667d11bdd95d9a35baad263438af2366513f4a5475ebec310f5d869d700f,1712160946.0
1712160918.567,8d02a2c75433928da76aa23afc850b320be7bdf7d00742e147ca3dd5ec3866f2,1712160946.0
1712160918.567,1d7aa3058939eb27161993f8f0b0ca6262ff4089695a213482f9c1fd0314221d,1712160946.0
1712160918.567,9652909f983761b51dedf5fd426bab03436be683ec60f765a82cac0662c46903,1712160922.0
1712160920.022775,dc530bc5741f2e0a123440a093b28cae47851acae80a9d6f27ff9fcb5693a108,1712160922.0
1712160920.022775,821fa3318bf8ca4a409470cf6571c4cecd75f75f5f21b1de5ff13eb6a9f01028,1712160946.0
1712160920.022775,b2890286b9d0a13c038cc4a86207691a67e9fdbec2c342eda843df481fdee53c,1712160922.0
1712160920.022775,d156044226242e969fad3413d73e3be8c66027209762995ab09696b9664e5592,1712160922.0
1712160920.022775,7da097c3d0bc0ffedac605612e898a807660202376b2b6bc7f4097ca91a28e90,1712160922.0
1712160921.480075,25dc593aec343e11e2b6910b03cc75e8b1281bfa3c99845518dbd46a8e828ac3,1712160946.0
1712160921.480075,c1dab83ca5f58c6a68b1ee69838d6ec0a78c594465e445e793b8d8447645f733,1712160946.0
1712160921.480075,0ece96729d6a35d6d3efd59080e9fc24b515e2914858fd0d939938fd57afba14,1712160922.0
1712160921.480075,520c4fd230e7837934a8274d8b75b9fd6c5383680afc3f6149f75fb33bf684af,1712160946.0
1712160921.480075,5debcd0f1187f2feb82e77a47c7cb9b25cf3f12c57ff830e217d57e9be1a4473,1712160946.0
1712160923.724195,c85fe0bc8bebe172e1ac439ffd56b73efebbfb28860d172e19d045b37cfa688f,1712160922.0
1712160923.724195,c6b89936c82d4fe916eeec5dff329f3a2de2f74f75964b20e75860667e72c983,1712160928.0
1712160923.724195,ff4ec790141ccd0b72be3d142c398223776bd741d2d2eeebf6bc3f94425d57d9,1712160928.0
1712160923.724195,39a5ff9db9139484928255af359726529ddb0fa7aca66fc785cb2c561f84e340,1712160952.0
1712160923.724195,36c2b29d208310f0ea5f904bf201352728c2ed0366d6ddc108e45d1910aca4f5,1712160952.0
1712160925.204001,a519ffd8b37560949d65a47aab18f8f8b2eb6675780657b77b7bac43dc143022,1712160928.0
1712160925.204001,e72ad6f1654cde87be0a8848ec25d69822d25e9816fafa0abb5d7b66db9953e5,1712160952.0
1712160925.204001,c92218699a427b0dab2d9b5afc6ca8d13364e3bfe02f3166642d5712fd8ea433,1712160928.0
1712160925.204001,1bd6ec43a13b919cf66a0a95cee551735c1294f72dd4d3f0fc69bf4bd25c05d9,1712160952.0
1712160925.204001,afc98ef446fa75892fbfba23af6d9ee8b52ef30749ae04b323f00224b47037f3,1712160928.0
1712160927.129024,51b2c5d11b47159f84987be483f9b2840026961ab6314e3968f332aa221127f9,1712160952.0
1712160927.129024,f3b7601afe57c6c465134126b1d3d9b9de384071dfeafa21d4c89ad06003e643,1712160928.0
1712160927.129024,c62e2de8b0c1070a0c0a5cfbfe1495f7b3d9a04030c3af646e4f32e68ed6e1c3,1712160928.0
1712160927.129024,ef608f7a4ef367823f181fdb2b4c6317568ba84d2b7e04d30aeb9e510a7576f0,1712160952.0
1712160927.129024,f132b557fa1c202204df0cc3e7b24bfa5ec91f97156aea38a11763779c98c643,1712160952.0
1712160929.575608,a2af76ebb4051b0461e9cbba6403a33cd0c4335d303fa47032946272c87d4aab,1712160952.0
1712160929.575608,68aa7d6d4b8274832e147005b6ba7965bc421a717d31fa27a3d0ec79c12718a7,1712160958.0
1712160929.575608,405853f95828edc5d76af84447be1fcd07ed08407e2ccf97bd304078420af347,1712160934.0
1712160929.575608,8b6127beaf07da163567c1414c72d4516d5cf54fec0e68966c7680c62c21d131,1712160958.0
1712160929.575608,693f714c95c5150096a96256f77da91c6f56a3470b085b5defbaab1305e0c6d4,1712160934.0
1712160931.194192,b38612440deee81540652ebeb5603b590d66a3a35e43eed40f15cf0fd69f800f,
1712160931.194192,dc2d0d6b6e3d6b27d66eea3f3ffcf908cd0d72f10435a93fdffda05f803c90b0,1712160958.0
1712160931.194192,a0a65bef2359b76c1c242369c92edc2b1f733c69fe96c98d6511b99aeed1d95a,1712160958.0
1712160931.194192,9eefbb86f57df769ae806bdd14246899e0a7ff7ff1ea151ce25d93570c950e7f,1712160934.0
1712160931.194192,933cbdc9dafd617ba8fce32248134caf8475100af4885a87bcfd4f3552cb39d6,1712160934.0
1712160932.936717,9946e9e718c69c2987791b8d2e71ec4f643f91ff62be26439c5a885db1d6dd92,1712160958.0
1712160932.936717,1803bc83b7aa8b8a2c2aa4f589e989403b35501277d5e6c556bb0e9e1009770d,1712160958.0
1712160932.936717,38b9947cdf2ca315c65f160bc15233cd16f88a72c030843be00657960b628cff,1712160958.0
1712160932.936717,6b0e94dc438e43bdb93247d376d7cfbeba90b2033575e1c503980dee6c55f378,1712160958.0
1712160932.936717,bcd75be98b25756144f0c7eb3bcfbeb766ee32a73af432941571b80c0ac45771,1712160934.0
1712160934.778278,7f1fcb6f7f87a54b7e72371a974fdbabd218e8ace609fa398ee470fbeb6b90c0,1712160958.0
1712160934.778278,39f74093a2f58624ac30ee8d0c50ba5e3315663259cd607c42c207c649d74af8,
1712160934.778278,bde2dfc35eebbbb3de8d830bd23eec49670e198a2bce8c4db94f458fed359bcd,1712160958.0
1712160934.778278,0db2fc85e80425918c144eb5f9a73197a420b5582323cd83c86e9762ffc34206,1712160940.0
1712160934.778278,4447bf66c73914e7e260d1b904bcf87f73810b78922869f20da9ff8314d9b618,1712160940.0
1712160937.324398,1cf5f4960fd67de4a2427b421fbe107cb547aebc94184d86b7ba9226b2d31992,1712160964.0
1712160937.324398,9f4427bb6962d9089b4fdae93f62112529fe83d5c13f2b423d54628ef7af961f,
1712160937.324398,2011ff089a2d5b15b1cfd3a1e915a3a1b74908097d0bdaffe26b121221bc8a92,1712160940.0
1712160937.324398,2313f8883aee3f7ce504df787f79eed41dca0b1bbb4d7401791e47794cde2813,
1712160937.324398,1f30f2bbf175efc96c0188f26f1e9000904b86ead0aa11f18a5923e25523c1da,
1712160939.237723,fb12c7db8934adf9fbc251d830fd246cf3277d3d1902669d0f74724861346c68,1712160964.0
1712160939.237723,20aba55b41c9ed72b973f4b8a56f5f8980935974544e3a8b4ec18b712f73860f,
1712160939.237723,234ba0ce37c42156a9cab6caf70e00d8ad0630dcaf1229092aff2c565dd55a99,1712160964.0
1712160939.237723,9280bce9860710803bae4097d62fd6bfc52e2e4e6ed6e1553e0e6678b8532983,1712160964.0
1712160939.237723,4e225e437a7d9fe8c2feb3210b3e554fce963ad19b82825cdd8cf61c0dfe0371,1712160964.0
1712160942.08816,bccb9537032fa74eb433b964fcbcafcc147281ee7184923ca4d9e032904c3f7e,
1712160942.08816,350e5f8ea72e7be0f2b97ba731b54ba3f3cc043aa4009549bfbe4b19c7535877,1712160970.0
1712160942.08816,c8fcfd992efd0443280bd839fce410778c28090a5c2a7b72d7be5373579eb4c4,1712160946.0
1712160942.08816,df3fb592c5e6170f4315e83fd31166a52fe86f8e32ade7b32f8a4c5db274f99c,1712160946.0
1712160942.08816,7e1dd72f01972516cfa117f710b3ed29c841ce0f42fee2f40b955d58815f35d4,
1712160943.888191,386150ada8b1be953a5c3b9ff9f004242fef68fe8a3db4bfa049afdaeae4fd3c,1712160946.0
1712160943.888191,0c5269187ae915f275cc78422e15d8643b2875dc5ed2ade5d9e96147f9b35f88,
1712160943.888191,bf3e12b5435c3e13935c617395c0bebf29a2c58b2f519b784ed72725a97208a9,1712160970.0
1712160943.888191,3d899816fcec3361bc62b00d382c3708d26fedd0c27c884ca102417f90898d90,1712160970.0
1712160943.888191,2225367846fd35e0110389c4b62dc9f89d66edebcb9f84c78ef7be3d8a0dec1e,
1712160945.417048,04471c9e9b6e816297d3deb3433f262e8a11ae817d16fa7f8278daa1cb3af6eb,1712160970.0
1712160945.417048,a098e1cedecea32694261fc5dfecc9ecf0fb8f7befc954b8eec02ae67b3a859e,
1712160945.417048,a69b8ce2d6f9caeed07300620be6f3f6c9d863e6c9909238cc802a1360d538d8,1712160970.0
1712160945.417048,b7669c8086f3a8a1fa11ae5852a7d39366f46f497a827f2f2335c7dd3db3c6bd,1712160946.0
1712160945.417048,27341344ccbe8b7bf97869732ce76e0c44f938c4245f14e78aa9bd53e1eaf52f,1712160970.0
1712160947.463744,d01c4f41a6d221ce92fd0958fbd86766a3a501f4b9251d1c9a8478444cd0e7c1,1712160970.0
1712160947.463744,e56f695bcbe79b339acaf3c994a4cc34f992d15cb8b014c7c357b55fe92d3ead,1712160976.0
1712160947.463744,6442de49d19aa7f183d4b01c3e279a10fd484b07553e4632a1aa837388d2fd1b,
1712160947.463744,e3ea75912e3d78f859ebf7c8b3ef840b4da1803f26daa8f0011a3fcf01fa8cef,1712160952.0
1712160947.463744,b477ecd6eee169e07fb19a0c4ab7288a93c9108b3e00c8691cc212d954af8a75,1712160976.0
1712160949.250676,ae27ba85c22d3e9263ddf867f74b922544e021fece636da0241142873038d0d2,
1712160949.250676,c56cfa7f4069d4be0c615c49d5f33bd94da838b6a31e43b4c74a99632c5ebf64,1712160952.0
1712160949.250676,1ae31c4a9fffb19cb8f26e8a1f45e2aeeacc7087fc9a6a2bed4dbec3d9ee78c4,1712160952.0
1712160949.250676,b1fc529dc3f4439d68aa5b374b0cccd1a1f343aa0352ef36846a6487140c4494,1712160952.0
1712160949.250676,45465e0f17503c27af66276ae8aa698c11f82d2ed32e1a2b5c9f488fc7578b94,
1712160950.607394,dcae20262b7aa20095c4e74e7a34520f1d04081231a164c0676e44b063179eae,1712160976.0
1712160950.607394,0dbe08a78b1e9312549bab44fd3d6c1d217f00536812ff16e6ee67b9028a7b9f,
1712160950.607394,544735d7c9eadbdf4cedb221c6d04c2edea8bc4fef69e0f4b2fa9b1e54f4e758,1712160976.0
1712160950.607394,91330055cd8bb7a683dd689754b233fade3a1a50d54e46ae2b1ae499b53d2971,
1712160950.607394,21fd3ba45201ad8a6e382e987611b80e45d6bec3726caf4352e69127ec656166,1712160976.0
1712160952.159046,0fd79396aacc25cdb057624656d3433695e5fb9f0036626bc9797990d36d1509,1712160976.0
1712160952.159046,019202612ab9d0fdab4c23d1738c462a03ec1dfb8aefee54876bf83c9ab0e19f,
1712160952.159046,9b8790d35b94c924d3c654c64f656237f0c117467f10ad5e645946be84dc9950,1712160952.0
1712160952.159046,880a0c8451750cbeebd81c716b277a34d329c5745b44e7c4b9c064f3b0b2ed99,
1712160952.159046,b66cf686a1d70431eae66582e51ff4865d90de6b341130fc14111b86a948618b,1712160982.0
1712160954.626896,1de6064fa0513820c0af9a4a494aa113ec445666b19d483f28edd1d044ab5d10,1712160958.0
1712160954.626896,87ea90694245a8c30e2dc55573253c55de53b71bc81885edfb8e1e1453f1581d,1712160958.0
1712160954.626896,f4f2c66f37b8152ef8cd33e9aa6606a6f1a80accd778088ea3e55daa75d93027,1712160982.0
1712160954.626896,edf516b7eac6fe6ef35fdf46413d3a0d26bcd7c2db2ede8e404f69e2e1568319,
1712160954.626896,59ee2f66eecda570deea07f22b21f192cc22150dd80a7800d1ed7ea36473fcc8,1712160982.0
1712160956.18467,d8f68dd979f1304c871061f6e504951cfe741592590bc8be093907e68b9839ca,1712160982.0
1712160956.18467,bac5df2ee9dd7e662142a48a822fcbb6e39f0d8418e8a0e38333792d63464f40,1712160982.0
1712160956.18467,e964156abce92d58f924084434da05e50f64849dc405f2cef4586142cba71220,1712160982.0
1712160956.18467,01e5efa8137675b5582eb7406e6ad331901f189f83a4def525b6d6c7d4e32df9,1712160958.0
1712160956.18467,9f03a12bc4158bf4b4aea181a78c2cede3c56cf5acdc7ea30433a7f31ee9e0a7,1712160982.0
1712160958.912716,aaf2d5c4afc3bcaed5ef80737ad7018c84eb17b6c145cf2b711a7419afadce96,1712160958.0
1712160958.912716,e18a3d51667034c189a5bda95b9c9f42c5e73da54aab56e98b8fa52f95680cf7,1712160982.0
1712160958.912716,c77db4a7d7878d2b546ebd99c7ece5551deb3e39ca3559134d7a22d4e2333cf3,1712160958.0
1712160958.912716,b0465ed78f75494d20ce60c3115adbf22c41b88e9d6b43b88b56f4571870ac21,1712160988.0
1712160958.912716,77362c0b96c8b5185c5be55335a40e6998d57007825fb13248da6a1b3c832d17,
1712160961.208246,5f3ee337bd125dd610ecddb1e724ea82da3d9f47fe955a2b04f1e8f34f7d4f6c,
1712160961.208246,f07d419d40a2c8787866e5a60a74680be42ece6b7ff84f8d7edb67d338d1429a,1712160964.0
1712160961.208246,d5dafe87f5634c01ff0c1c6805b98dc3732cc19d6b1a3f9dc2071984118776aa,1712160988.0
1712160961.208246,032ebbc6964238c9052c36cb0c7691867b0699dfaaf82db6c7e05213e33294e9,1712160988.0
1712160961.208246,fa174d14384f587090f5bc12a0c41d7d297c498da196d893de2eac8ac89692fc,
1712160962.804417,cd25e8b3302aa6bf1e3502e28d125599d71b606df57fe5c9a9987302f867113e,
1712160962.804417,16c59e1837a5c3781573347856b7730ee240bb25e63f8cd332cc2025a25e3766,1712160988.0
1712160962.804417,7642ce82ce21193a9a4e73c6c503460bbea3980075cbb8494e46de65d50b96b2,
1712160962.804417,c1213c30406dc27659e91a5ebbea02085c81d319479ea29b976b40566e48da47,1712160964.0
1712160962.804417,1ce0dfa7b16de017bcf016556d4d4c6447f0e2b51f26bbe7a182b8ea2c98f187,1712160988.0
1712160964.763446,1a0767643b02935ef01b9de80f971fd3a145a511b610b18eb6e75813c7c2f1a2,1712160988.0
1712160964.763446,edae646f410019684595fb06057e2acfa67903e1f2a40c65c1daaa83484350e3,
1712160964.763446,e5d5eaffa0a89dd62cf52c2ecc6c2e3c00e941db544c85e923be70dfd80bd53c,
1712160964.763446,1426cf4b605669ebe08e636fc491a49703d9ca47b0db7581f0816f648b964c9d,1712160994.0
1712160964.763446,759d3f394d9de15ecc975a2df567b216ced20cfe9bdbd760fdf4ac430476a697,
1712160966.486558,d44cf79213b6a3fa30369f550834fc00faf93261dafd7ddc45e26ef4d292f97f,1712160970.0
1712160966.486558,63f9aac9bb88a52db5a7ae44c473dd29729641591280d66ac5d355a9ce26ef64,1712160970.0
1712160966.486558,808579daff1bdde6d655b4fe24325a758e6dab3d42440e3390b7b6c4db58aa58,1712160994.0
1712160966.486558,34fa93a3ee045fb19cccf87676d816dd4fc9950225cd9ee32850dbd0d167dc1e,
1712160966.486558,6c843bf49cbaff86c9ae3ae999fcae6f6d9071304a96af99c7af11284d5ac678,1712160970.0
1712160967.986552,a790a52c5166ae34fcf9257b4b729f360aeab4709704198e46b79fece9016567,1712160970.0
1712160967.986552,da5aada730e38804f73cb9610b7264edac72d1df149fc6017206a1d9edce01da,1712160970.0
1712160967.986552,b4e8dba4b0d6f5ca3fe3d45df058194cb8611555fb0713b1e12d4af3424686e0,1712160970.0
1712160967.986552,aae045b51fe07ba0947d856750886dc3ba0ad185d52626448d0ca065a69b0094,1712160970.0
1712160967.986552,a5dea90dcfd97e2bb5abe5ce518889cfb518d7c81847fafa78cf67856af30dc5,1712160970.0
1712160969.410245,191f0c8d1154201cfa362c82d5d6ab3d5a4d1bdee2cbcd7992a06de1aa8ac2fa,1712160994.0
1712160969.410245,19eb893ac5e2ad8753881eb4bfbb6f16b7dcfe7055cb11d10d98cce809623407,1712160994.0
1712160969.410245,9438eb318b3c972b87b2d8cd27b3143249eb885b0d57252b9060a9cf347ad239,1712160970.0
1712160969.410245,32b3c8ddeaef1a63b1b5dfe521f30397a8935427b6513a68cb8c588a45b5e1ff,1712160994.0
1712160969.410245,34ee9ac50f0519580c0517c5b98c312be8c582e6acf7c677727d9dab380227ca,1712160970.0
1712160971.687017,e7898a265889c8491c777ed3734430272d0de2053a8b6c710c1898a5e8280ee7,1712161006.0
1712160971.687017,c05d862e5e1777e9d3ccba93073c622922e94b6db438acfbca47ea40924fcfab,1712160976.0
1712160971.687017,8bf1e426e2012f4750f09bfb374137ff5546b4fb6a0ce42fd5826c80506faccf,1712160976.0
1712160971.687017,ac7e6f8427f02129b9533635fd774f78f903ee02d4b7be0b9e55abc34cca2de8,
1712160971.687017,d43060ab29b7d47c6787d632339a7cf254854859d2398b0db9c09a6d7719006d,
1712160973.259713,2b3a303c031618903d93c5de3b70d8ba38333d7374336e3cd6d9fdee13d89f91,1712161006.0
1712160973.259713,24bd1117b6d35ec0baaf12c5d5e90af7a77449f5b086323fb70236c1fa2fb3ce,
1712160973.259713,86d8d50bce75c3a1c3e1d34c66f3b6767f5151b694ac2f4355b12b457ab28e78,
1712160973.259713,f7a8aa12e3b36a10634933cf61f93e7cce711e37fa907708739db2f338dce020,1712161006.0
1712160973.259713,731aa45179628bdf791e7f20bb29690988de18260977020da2c14e9d91e0f9e5,
1712160974.709469,d05170c0830b4f7f6919501ded1f4887ac6bf470380532c53130e7d338c68e98,1712160976.0
1712160974.709469,fd8e0cc4324b05127e8305ad5fa4d6b9aa988cb1bb4a2756ef3fb691ff9e525c,
1712160974.709469,e08df935ade060cf8eb107e026a7fbee0abc8552111fc0d27984298fd8c23985,1712161006.0
1712160974.709469,e90b053213265360625e104738de44e6fd11c59f313f490cbb5dab0b33be17e3,1712160976.0
1712160974.709469,5b1871c8d1ad65bc2e453130d651de96974c6b14ca57cd1c0251ee53408b8dd4,
1712160976.828865,7f925c2809b9ceb84c1ca9d53e27e7a650ee23415e68973157b53a74d5f9cc14,1712161006.0
1712160976.828865,fc63282e7e0afce6d565bdebb476ae6b6155604b95c35dc8775fdfa624ce3a6f,1712161006.0
1712160976.828865,4d4228cd1eb8dbaca7d5e7037ea08ad7c574bce8872fbdc5b206082f2ae5a6c1,1712161006.0
1712160976.828865,cd5af9737a7f5dac39766f1598b24ba709ca315af9b182da7ee1a85dc55c4a46,1712161006.0
1712160976.828865,70dbe53cf1af20afdf060df1221cb613a77904bef498bf470fe5628c126166d6,1712161006.0
1712160978.382509,82c37463c16f208e0ee73453e81ecca1c2acce00c1132f1ba5e15c02d9a61709,1712161006.0
1712160978.382509,2e235692a9e992290356749a2a53504e585cbddc68754313468808d14cea096e,1712161006.0
1712160978.382509,79f49bf79ea6ff244416c901bedb12a752b737013609155435f153a6cf1e5e21,1712161006.0
1712160978.382509,26ea96343e0201e02ae3185a244fd241aee0494424828fba4d4167896f14a589,1712160982.0
1712160978.382509,fe976f60e9dc9e4ccd2e45cb14ebf4e83ca897e93784799dd3e1539352aa1c9f,1712160982.0
1712160979.872571,ab0d181c5f98e0398625b5acbfca49327a199fe1017e18a462a9be5817f4d4fc,1712160982.0
1712160979.872571,a7fd807e6f0bc86104caeb1e51f46eabd191a85a5940c09c6bf51a374ca6339d,1712161006.0
1712160979.872571,e52d58234a6e7e23abca31feffd7581722bc04bc98c6499259896b0bf300a132,1712160982.0
1712160979.872571,9d0fca7b00da6706a44bba7f6f4a6806225639ff16c5bc950849e0e84754c662,1712161006.0
1712160979.872571,08d675947ae6e10122caf92eada5f48afe9758dcdacbdc9d92623e8474a66cb1,
1712160981.322889,74877680b9bdd80df938d2b6de32caabc7bd67acd8a212105da079d5b0ac7acc,1712160982.0
1712160981.322889,e0cdfa10f937cb7ab9fe7208e93501b0f9551dfd6489c6a1ead8a1e9680e1e28,1712161006.0
1712160981.322889,d3947d1078f85f8761684566ce94caf8e964d608c09062b75149888621349de3,1712161006.0
1712160981.322889,1679a8c7b83bcc7e8e96be9a4c02e03a4a3a1a0a1b24a8d0ee742ff4b2c5ddb9,1712161006.0
1712160981.322889,ad5b4515a6374ebbdfead28500564119431f96fd5a8fbf5b347296f9dd967957,1712161006.0
1712160983.581309,29764c322aef9eb8dd9e1f5dccb8084b236fef7f2bbe3c20de514e7889ff6dcc,1712160982.0
1712160983.581309,571f59b7879e35153b1c03902e92427c33d41e1e1ad21a6ca5c327f462d3252f,
1712160983.581309,031658ab0b27dccecd02f1462887b0473fd712168f966e8735d58eb08aa15909,
1712160983.581309,70084be64986008998480019c599b2f4a4f803e9e57fc71d4811d3b34dbbca9b,1712160988.0
1712160983.581309,624c32cc6fd306caf6b438989a74db967973080e7805b1c0398b0b16211ff690,1712160988.0
1712160985.108329,6550dcce867f8ff4f06e401aa9d9cd795c8ae9c22c737daab59bd7918d7ccb21,1712161012.0
1712160985.108329,d63e623c5107a646d188251d58246e662b7c99089a5685082bcdde1dbcfe3199,1712160988.0
1712160985.108329,364be738becd70277c979571898aca6189f584835037ead366dbd89cec0f2cc2,1712160988.0
1712160985.108329,92633f41dcfda54238bb41258966139362c96c85c97c72395861f80a36391d74,
1712160985.108329,e74345671ca98f4fd3f58d8702383b12d63b7bb7a895aad24dc36ecb7e2d1f95,1712160988.0
1712160986.579674,f0ee5b88ec3564ed0f54970db648092f7089c9341298a2799bf6877fd7bb1c94,1712160988.0
1712160986.579674,4252106bf733baf3178db8ac42f01d9f9653a938fdadac504df6bbb1855229c7,
1712160986.579674,2a07af9f322118f5484f748fbfd57f41754b0f9002eeb47423e417b9faa133eb,
1712160986.579674,fc4e0410a2f13281d31107287d7bc79a92c419ec019617b85784b5d3e333464d,1712160988.0
1712160986.579674,18d494954a483d7adb771644716a6b4d1248a55dd19c9c408ca653a8e1ed779c,1712160988.0
1712160988.79145,a06958a61ecb3713395a0aa06e53665e3d8eeb7438466bec01cbf52ecedbaed8,1712160988.0
1712160988.79145,cc751627b2fef65c5b6ddc44f45986f11de5bd49982443dd30cf5d08515bb618,1712161012.0
1712160988.79145,e7aca0fc5c3e845fa9a992028b261d80b1763c4be74294fc6e5424306717986c,1712160988.0
1712160988.79145,f709490e5131b67e7dee5902dd8bd3551ed932305302a30f2512b1fe0eb270ea,1712160994.0
1712160988.79145,3ea3912fa7a703fb2067bb0219949fb423ad90b5d82b5b5f29a9ef4e859fe368,1712161018.0
1712160991.426437,37727da612bc26035a4fccee35a55105d8a21ed45253dec5af71f96fa54369ea,1712161018.0
1712160991.426437,b3d8ad99c2efe0c3ba8e08922be2bb2b7480d3ae7e091181d960c9735c17be07,
1712160991.426437,b2ed7026b0ad61c84e29039511d4256a29c8ecb4b80e23e47182748697446cd9,1712160994.0
1712160991.426437,34a7ea3341b8d67dd1a6de45b6c6557bd37757a054deef59cf6fba37e9b61dfc,1712161018.0
1712160991.426437,489be101c91a6ef55a7529db5f6d8d4df9a7e243973b68d46800144e50bbdf10,
1712160992.925148,497cbba9ca0b1799264a70c2da3b2afa33266560d12d9f90711483f311acd943,1712161018.0
1712160992.925148,6291cdbc1e15d557cec0a4c7fa8f87313f0387191aaa5197ca9f2547e718b849,1712161018.0
1712160992.925148,fc9532faaf58f61d04ddea103daee6347e14e2c11959f5af6382fd66fe365dec,1712161018.0
1712160992.925148,c48a0a5d42ead778561ed3335f107aaa9c87458211b42c67d8b13fcb7f55d6aa,1712161018.0
1712160992.925148,f809502464e7885daf4460b6bf0ac11546b9099bbc5c6ba01290088ee6b2be0a,
1712160995.054643,cc9cf8e9d4a42e2ce12f2aa6f4d3c52005a00a86e29398830704c2c68ba59ac3,
1712160995.054643,36e01465b9cab6d2df1f56483d4376f7d3b9e94330f2ccbc2aa9e9764af90e09,1712160994.0
1712160995.054643,dff9d9951442a2b2dee252cc0d0a97570256898686929d9c16e13260c0cf2275,1712161024.0
1712160995.054643,27d818af977d9f84a4e467ddb1bda649b02f31d83719673c3c600cf1a5bcab8d,1712161000.0
1712160995.054643,022002d102b30654df9e2c73c38a06167446ef30f2f49240ac5970357cb52d0b,1712161024.0
1712160997.122305,a285fcd5d794ec488cff0b1903ea491ae0afeba7d2c4fea4359ed8f5469ebcee,1712161000.0
1712160997.122305,908bc2072a85cd2aeec0016633da7b65f6b67f65683cd52ca79bc9b3820a328f,1712161000.0
1712160997.122305,06dd2189200d66e39bd11ef0707fc9d55630e8e11e0110c7d178301c3a833692,1712161024.0
1712160997.122305,e336e766d8576f8cc766ef8c970f58a775601e2d03fe5039b75320d62d616a85,1712161024.0
1712160997.122305,e02a4d2de285a1f4d5427c6bbe7c1bb4b265b209d89697916c2cd9dc3dd0e6ec,1712161024.0
1712160998.571316,caba9697aaeb51f0f9ca716df2b6ffcb23debf3f4ed3b4ca480c5b9cb7efc80b,1712161024.0
1712160998.571316,89224d44ff0da2f5b9647e5dc7958f5de2553aa2461d85cd4ea8b09a25611df5,1712161000.0
1712160998.571316,4b953f3a92d543d2090e999dba4275d930d26f25e5efdc64c04e5c7f4de86b03,1712161024.0
1712160998.571316,4e803a56c48fdcb3dbd0c4b7b7954ef64fdb1f45985858d52572359a782cc300,1712161000.0
1712160998.571316,911cdda0172da9981075084462d6b1ed68027d70a644f2ca9daabdad9f7d5a30,1712161000.0
1712161000.082342,2ac0abfcef34fafc2d24e9c5d400d4884893b02f8b82e69cc0c167943ee28e1f,1712161024.0
1712161000.082342,bbd76cee0dd127acdea402644f03ed20de531597a54cdad4112a36433952c0f1,1712161000.0
1712161000.082342,f86b3bd5c40037562dd3042bb96ba8462d017d05ac2410c673e4bdd7d10f05c6,1712161000.0
1712161000.082342,3b238be41bcc1d041083590f8854aa697984db7af2bed17c0b28a3d2dc70c1ef,
1712161000.082342,cd942bcedb00afd317890565b1108484f37f5aac7a772cbdf502c1e2f83bc84b,1712161078.0
1712161002.841273,20781a42726b670351d7d69abd0bcc08838186e67502b6891ef089d4cf4d9444,
1712161002.841273,f3c7b3dc377a8f094f60b9ab0e9bdb35f4989b4acca7eeb172fd2b5d5f750d85,1712161054.0
1712161002.841273,36d3b693acd37f7d50e288fe48d96b0aae702209f56ccf941e0ad6698bb8bb02,1712161006.0
1712161002.841273,df061f6cc366e9f7b8b3ee5d22ccba410ecb6e1a362b184025d980021986bcf2,1712161030.0
1712161002.841273,f7717c61dfa450773143b2ae355d9d9a95e05474b0056da9c7b942ff362ac763,1712161030.0
1712161005.160205,4a62cc6d3d4ce72bfb42a2fe7a907623a5fcb62930ce3a4fc014a26c086a954a,1712161006.0
1712161005.160205,b506fa7e5ccc34b7876e4cce6de819313fee0b49d17900ecfa1c930c2a849e23,
1712161005.160205,c235416ee54ecd13a58ea8dcd93b8008bc44b55c152753c1d12a8828202af118,
1712161005.160205,2be729eb359d3960971a4f3c5ac8f6198f509d2c9eb23c151e0dd609c75f7402,
1712161005.160205,3821d71d3b1d6f315be50806ac685b874ed6b3e3b9460c5c7f584742794d2261,
1712161007.232266,ca9a41a9d34523efb9c16206ece9f57ac4735f8923e8951ac26228c07e0b77de,1712161006.0
1712161007.232266,99c0c60c8c72bc545527d0b863b82ede3f7b5ccc302f6123fb0966c287a55e33,1712161030.0
1712161007.232266,b4a53a0ab481f0aec9571752ae28df1c4d9e640dad2ba3d755f8297647b580ba,1712161012.0
1712161007.232266,42bedd0f8ec0402153480cf8c656de38e0839abe6510d12ba43f001d3d011eef,1712161036.0
1712161007.232266,3b54a4a8a5398cec317a97d0aa69ca240180a2a0b9379ccc005aba4570fc6d34,1712161036.0
1712161008.966897,3b1991e149e16b2fa53d4c598ace4129c423d9b88a23b735960ef58d2cf001a2,1712161078.0
1712161008.966897,a65382a2df352d307a4066d5e6b92d83322f6c8f23684f328bf709d3a8881168,
1712161008.966897,237dfa6f8d646ff05e936f08245b982bbfb216dc021b21b045a497986d4e4a18,1712161036.0
1712161008.966897,11bf678f27ad7b5b1e64a8f7c5ba2bd61fa80165f88dda06d1d46f76b719f9e3,1712161036.0
1712161008.966897,e60fb95f1070fb189e2a7891ae34356fc0beac8dd3a31b60f97409b6d4518c09,1712161012.0
1712161010.499104,1c5cee1f7c9170266d1dc127befd203a5a3faf7def71a21d08f03d48059cf797,
1712161010.499104,deac15260c45e2bf95f01695a8f54b0de0d6082bc37c4aa7f9faf0701789bb22,
1712161010.499104,c17874ec58d38c84cc15d10434fef221313ad92733f7e3869e711016ad813d92,1712161012.0
1712161010.499104,76fc605d8b54962fc352778fa9678d9d875877ec8c33c3bfe168a1487ecdd21e,
1712161010.499104,0a7b3822242ed6cc174f04e9f2659bb514a5d720cfaa61aa73e0b415bae4317d,1712161012.0
1712161011.919341,2a9ca73ae564969db5d473f8c738f37614f05068b3f0a45d086221c71748db8e,1712161012.0
1712161011.919341,2f256167155699a81adce3a52ccc17792e575602b1fb8b9620a67578723f27f8,
1712161011.919341,9f08c78b906fcaf41796976d6b7c721f09e958097df9722ec2f50fe54f50b0a1,1712161078.0
1712161011.919341,442ab12817c011ee2ab607240408701bb86a750fdd97463490737a2638557336,1712161012.0
1712161011.919341,5bcf92fe1a31bbf3203539a1efdb98ca6af743058b01aee1aedb7744d98250c7,1712161036.0
1712161014.017397,c3d561279863ec945058f7b5889c96015d31a9422d6fa369f0d038a2fb786ce2,1712161018.0
1712161014.017397,30fa22fd46fab2d79381994669c68f33b97aa0061ec841838296f25c615aa28b,1712161042.0
1712161014.017397,a2f36efa68bea23e08696a020f054b27126ac4d374cd4722477aad8115ed2911,
1712161014.017397,048da8d3077d23539429ea91e94e8b162e466e64f1116c9723e2c25d28c54f31,
1712161014.017397,1f45565ebd37c092ff348748f6786cca1796d472412128806fafbe224a5faa37,1712161042.0
1712161015.496263,0ea0275971e524793c387802697380f50d00fe0625329012af45937c3cfae6b6,1712161078.0
1712161015.496263,59d6275a9af6482a46702353f27899d8c500e6b6107387f1f69e38a96374364c,
1712161015.496263,4fa48b7de6d741aac7e19474cf513243e31afe31a35d5d2d47c8e34f5029b5a2,
1712161015.496263,84653a90ba9652113ab80c06aee8c66c3dac3016f2f3a5f528fa87248b995a27,1712161078.0
1712161015.496263,b513accfdaefab1705afcf9bc0c26fc2c4bb77247e4362f696e1d85c635838f3,1712161018.0
1712161016.928038,db3c00c5ed806563668a0a0da3c27a4565756ad687a8b5c1b54158ad6f80706d,1712161042.0
1712161016.928038,95081de88cee6c0a7f980fb0a8a2c5487b902254456a098501480a26b40b319b,1712161018.0
1712161016.928038,55d0e9e0f857a6db0d09085b9ebf4086a5347207c68ed3666f3e73143087265c,1712161018.0
1712161016.928038,d86c97fbac68e6513de43b9bc4482b5cba1ce9a0e8c8a26b1c97e39f317966f7,1712161042.0
1712161016.928038,a82c52e5344b6d048123e984f096dfab2f91ae4fa8e999382036bd4245a26943,1712161018.0
1712161018.99327,9ca5ec285aadb6c1978660b401cc830eb0d2dcdef2ef671ff94f812fd7e41b7d,1712161042.0
1712161018.99327,0766be40b95a9e6ac35933fb71135f52a2c5e0399cde0acd5d27812ccd748364,1712161018.0
1712161018.99327,070d5f888784433acc09edf566fbe8ce94eef8d41cd4c816e58c917f333ab97f,1712161048.0
1712161018.99327,5ab4aeafe577e215776f6cbac3ea681066542e9d2cbadd94176b29db14f9240d,1712161048.0
1712161018.99327,53c3b5d7566d82cb89215bca58180f138bd9973f39f16a9e7e778a06734d609a,1712161024.0
1712161020.922589,691657f7ec977304a1ae15c16205d3d17fe5df6529603b03e1fbc16eaf7cfd13,
1712161020.922589,d0e6c5a188d715d2f30cffa0c0a1769f789251492da58fa9c5e0fd7a8f0ee4b1,
1712161020.922589,244e8d519e74500ced0b403cc2fe81c844f0cbfe217113abc3bf9310104b2991,1712161024.0
1712161020.922589,86b711bb991808f7fc4d47c8271bac5924586729d501613d729a14a44c903de3,1712161048.0
1712161020.922589,7f736110d4c044bacb718dfbe9b23a062725ef0124cdc3de3096f64f87950edb,1712161048.0
1712161022.459793,0108f2f2a72378acb6a6c04276665fd8e1da2b7a8df30833f4b81525d165e7dc,1712161048.0
1712161022.459793,9464a4b925ee5d16c1b8ee10bafc5ccb9c449c38e4cf0bd321043e778f5a72c4,1712161048.0
1712161022.459793,98334b72cf8ee543f4916fc492629a207d99e2cfa5e8db9facad65c9a5f9aee3,1712161048.0
1712161022.459793,83535621ecafe65df28d7e915b06e0e25653a10a9899f2a87e30668a57d95224,
1712161022.459793,af7cb5c184aeaf971aff57357e246d9427437493b38884c0426c701c1cccac15,
1712161023.907314,1ad3bdc68bfdc307fa00d90698eeda6093a0dc73a896e7135b6a50c62912e55b,1712161024.0
1712161023.907314,e6730be120a55d54dd62efe0a4f19658f34db1019a973c8c6c470d6cba1b03c8,
1712161023.907314,6ddb68c1f082851ceb823064879ed389a692d546730ffbde9522b83ca10132cf,1712161078.0
1712161023.907314,2a0d0f4204debe2776943c9da4d8442e480f8ef21bee628b294fb4b577f6a020,1712161048.0
1712161023.907314,b62ad5321cda7fed1cd3cd39da6403dcc24d33222a5eb3e86e11824b751221b0,
1712161025.993566,5c03a17db001f587b1e98122b2e5e9c22789407ac3b5204cb0a94b4a48f1f1df,1712161054.0
1712161025.993566,1b49ba4c03d7616546c9c2e794f650d7eef35f16ca554758ab8c128593f2799f,1712161030.0
1712161025.993566,e57abcf0a1293ca9aa1ec502152c2f92ef714e6f26be9a02be5b5a6ab34faab7,1712161078.0
1712161025.993566,bba14cb3afead309f6c5f48ae048c5fc5d198d2c488e2a2e51ac545a75df1a1a,
1712161025.993566,86773dc7fb6e962ee561780c69f46d82012351e33bbb2565783c9bfbd595ad50,1712161054.0
1712161027.636735,e8dcfa31003a17f0281070a956d773896efc72a692c1ad765e5fe3ef567be256,1712161054.0
1712161027.636735,8fc75187c7d51c4514e579647c6b390731cdf1246559a61172c1c5617d2f1ecf,
1712161027.636735,af166a6ad8be9e4949022467662dc21765ddb93556ac840ee3aa2bd86f12fd39,1712161054.0
1712161027.636735,388f1fcd1c62b2f2e0b015e106121bbfba59b0f7f184df35aa1cb34d1db5d925,1712161054.0
1712161027.636735,6d353bd20cd17c3ab3dadef1e9dc9d76f89127cf007d37b25272d586a0b35e55,1712161054.0
1712161029.087525,c997bf8c397c3d1dd0ee333ec85a8dd2b1713f434791282d2363cc0235a41f80,1712161030.0
1712161029.087525,2a02fe719b312289a2de205a316c802c344150a71751bb315ca795204c5281ff,1712161054.0
1712161029.087525,481176d9ec49c9b11898d4356f51eb55e11f5bfc739af2063e36ce1c3d3fd6c2,
1712161029.087525,7ee30a833712cd6b19866c320f55468119eec9661d4c8e82d84a769ce62cd01a,1712161030.0
1712161029.087525,b034b576ab8b6ae0618bb5cb2b4c75607d169895518b79271fec0cbff07f24bb,1712161054.0
1712161030.89646,dca296590fc53a074f9028dd08f6f51dfb15493a8e24ccf9c44a41fffac0e932,1712161054.0
1712161030.89646,a0f26249c4127d8a3f3f515715a92d22abeee50c59731e8ff98580d7f0903445,1712161078.0
1712161030.89646,51a1fea392d0f6d8cb106b76dcc3646d0443b30f176ff771762f2becd43b391e,1712161060.0
1712161030.89646,4b505e89fcbb821a634a39d91bfb964966e787c0415adcef7cab6c64307fda58,1712161036.0
1712161030.89646,1eec900b8fbdef3d76e63d5b75fc925bc2fa71e84ee907d39981e1e987d8b82a,1712161060.0
1712161032.832565,da0b6cadff8fad1ba4b500d5dbc4a4b2791f7b57997427f48d140319a7c15cf1,1712161060.0
1712161032.832565,f4bad0fb6c62ff490f25a0716220c161cd9df821fb4216a9ad0d7a1b6877ebee,1712161036.0
1712161032.832565,1ffcee70059dbdeec6879a2a1aabae3f15b66ca53bd9a2c72aa5dd800d5f568f,
1712161032.832565,84c83aff89247da2ba97da78a22f3be6ebf1a9b6e93bfe3fa64539e5c8870d51,1712161078.0
1712161032.832565,ca75026758024af8bfeb500aa7d6111cd92e0a69ce4393384b57bdbc2aba6786,1712161036.0
1712161034.204501,eefb72de4bbcd7b06a7df144b2f867272472ae4401c569dc0f551bd07a614f91,
1712161034.204501,e890adb266dd7162c98f66dba1e60b6cdf34dbfdf37aebaf2e3328b6a22bf34e,1712161060.0
1712161034.204501,af1e107de481cdbe6b4f52fe3fb2d7a713320b9eadf9bd69d57239a0fe3ad721,1712161078.0
1712161034.204501,7e2aec5067d0dd5056781a024e4026e7f3ac2b70a598a0ba50dd3055900a45be,1712161060.0
1712161034.204501,d64dab4cae61c06aa106dca4f34852fbba320006b762112f185a6b162b66d16c,
1712161035.590537,9b139de5ca00e70b03216b5bcbcc3b38d56d55a4a4ab06dd3b5e0d086bbef500,
1712161035.590537,15da7b8cf8801c82e20def2ba171d6c02404399c7e8b7bb9f24906c46b1f8085,1712161036.0
1712161035.590537,1c921171a2be6fe643949a8f053ca97ddcf4ddc5404cc08a55d7cc44cca37d11,1712161060.0
1712161035.590537,2219a5badb6e16c6afb9eeb4c3503585b01bb2a6ae3fe686503ffc919ce294d1,1712161060.0
1712161035.590537,b02699ee642e044e216460c4899c53eedcb662d9042dc1a7263af86cb53ee8a1,1712161060.0
1712161037.774011,c8273a22da3689ffdab35c2389704e251dd233720a18744989d9c1792fc7a1fb,1712161078.0
1712161037.774011,b71a20d2337c04a5c637ea0aebf1395a32fe2f9c6131da62a447ba05c4926f99,1712161072.0
1712161037.774011,3ec86c98c278bcf4db029dcd0d37ad4c655eb51a92adb04fecf65c7d7b47df6c,1712161072.0
1712161037.774011,a2696b83221b13ab21d0d827658f58bc23c85726300fb44c01a4b6c2c4880adf,
1712161037.774011,1b4d38ed98dd789fb2c872a69bf7cc8b979bedc6e40902879195a06a6667ff91,1712161072.0
1712161039.45203,02d2f4912ff76763b6cd668c48d71b9e823519a64de766b8062a4e0dbffc0133,
1712161039.45203,9623327e39f2dda3195b14581e537129723a2b343ba67740dedb36eb74527392,1712161042.0
1712161039.45203,4569d81bfe10b024220deffaec4888941cfe792a24013ec8b3bc1b03686d73d3,1712161042.0
1712161039.45203,95476baedf1ebaf995f4b330c5f04be62d64c206a1d2f88e0d4a7d3653486414,
1712161039.45203,7fad6ae285eb5d4eb618e9706aceacb4c9281ac44a80cbe663ee18c4deba0db9,
1712161041.037707,026b107c0be115cdcfa2b10dc21031f15b1fab027d92e61dfddc4d99c9e5d359,
1712161041.037707,95ecbcd9afb1581e9ff7f2f8e096de02fd4474e21a7602e45345a26c3d6489eb,1712161042.0
1712161041.037707,93582524c87cb07618b66e8a36c25a179ed07245a5a6a8d12bb3c905c5a5cfa7,1712161072.0
1712161041.037707,c3c2cf75b23cbe522787144dc70bee501a9987f9fb9dbfe96a96baa793f10807,1712161072.0
1712161041.037707,f78061b20d203a474193ecb60b95ecf85a01125fc9ec1ca91e9f7ac0cf94323d,1712161042.0
1712161042.883991,56b51b7310f25b7c06ad3638e74ca45dde801170e1e588e60194eb1a790a6e26,1712161042.0
1712161042.883991,c1a7bacff73352fb135b6d85fcac980cd60e9036f51cc372afa22846fd283b7a,1712161078.0
1712161042.883991,b9347fe1d40279e55c30b7fe8331baa5a2150016304f0fb19ee9a3cad6e083d2,1712161072.0
1712161042.883991,56b67a83368d77b6d350f6077e5f7b1de4ccd957541821f85f46036f033791bf,
1712161042.883991,e3128873d26c23db86cc47205e3dbb66b2c656a83c343bff0e618eb1626637c5,1712161072.0
1712161044.835499,36d6735a5d8bc5a3fa7096a099418c15a38c68c80daa6329f95684ac34c291df,
1712161044.835499,c22c52f5487bf46202bb2d79dc165e020118ebdf6ed9b2bd9c4b86e03ea46908,1712161072.0
1712161044.835499,f9cde63e38a8354320d54ce36ec8b30741647b970aa68cbef5eae585d66d81b8,1712161048.0
1712161044.835499,ffc5432e44251151d7c9066d2a7b8eb44f148ee4c3c370247d5da382bdeef6a1,1712161072.0
1712161044.835499,8fd222312de84553b4e7ab684a8945700de8d0e79c77fb59246ff33abe2f9f9b,1712161048.0
1712161046.526448,5fc73bda77867fe7fa51d43a628be1b65fd95016f659eb789f93e58f65bd2e09,1712161048.0
1712161046.526448,188e5e7cc608bc93c956cbbfd87a15dfd25faccd94d3e0331d473e89ab0b5ee9,1712161072.0
1712161046.526448,60e8aabed80753cbb1ff48ffd6ac71054bdc4bc832a3cee79821dc14e21ad116,
1712161046.526448,2831c613fff711a5aff5fe30add4c2cd1f7888e5f63cb61ef0dfe330c77e5b8d,1712161072.0
1712161046.526448,5f27bf7834cc426356e52072d73de24e9ce1f836eaab183228baa65c95ab9a8c,1712161078.0
1712161048.781563,d9c01d8010b5f879e231309fe37a7b6bce2194a4b5a69a79e078082582d89f71,1712161072.0
1712161048.781563,bb265e221a3d66b7f3cb7d23789064e10f6966e6534291d0ff6bed1eec26c334,1712161072.0
1712161048.781563,ce5af46205ee96efdaf39f737a4d3068393d7e2ee60dbd4cd318af298a22315d,1712161072.0
1712161048.781563,c79871e46e495601763c975d6fd629d76365a2aeb1852dc91eba025d6737ebb7,1712161078.0
1712161048.781563,85bb5616a94c555b22ed299b74614ed495ef7b6651da4a4bfab68371e0c87c16,
1712161050.499928,8f8e78764936071f5b499f0800ea6c50cddc9462ea65f292674d0b690ad4f526,
1712161050.499928,9b275ccf13c3806225e562e940d554caeb469d925721eec79a81dbab5fc328e0,
1712161050.499928,cfb1b47ffc10d3a68c6d7e8795bc5b380d94048bd8f91f9f7243953f4a3372bf,1712161078.0
1712161050.499928,959e8270707232306d61d645e1840e7793aef940a3164e9e849cc1cfe8393956,1712161078.0
1712161050.499928,8328fd64fac3ae7736c4b88459993c0fa345bdf9c6580106988e4f642aff8033,
1712161052.351205,d804ea14a2d26b746c994ea4f732f0fe5e059731166bcd7eea50b55af23a2694,1712161078.0
1712161052.351205,375e7a9d1ecd75219740a4558a32da1b596559d995feec8b3c52b59d5855bde5,1712161078.0
1712161052.351205,b98be2fa81b07cc05513e612164be8aedb5478fadbc640f1a37a958d80e148e0,
1712161052.351205,b74e508529e8a451fcef6844d375ecb105b0b3ff4e84e4dc75ab6c92af11dbbc,
1712161052.351205,e53c8432f4c646cf0cede4bb8b6587826674d10cb8b556586ebcfd5fa8cd5229,1712161054.0
1712161053.771776,f44099e20e6ee69482507e7a81e0210465f3bffbd6b17b3d3b890a9f2b2f260a,1712161078.0
1712161053.771776,9e6681bbc958a907fd1255e3120eb24f9ff95930ff9ac851f011d9cb876150cd,1712161078.0
1712161053.771776,19e2a163171b0955d9513fa13c131bc67762cf19bcae4879efa119ddb742e2d5,1712161078.0
1712161053.771776,f08a5d3a1ba5d4edfe965b2338ab75e9bd4b23c05ef0a4603ae4fe542e93841c,1712161054.0
1712161053.771776,486ef9ec32ab07e2c51c04c394750117f15012c9109f6804702a0634ee8bdfed,1712161084.0
1712161056.590315,81c642953aab856fc9bd6dca36bad2630fad90871baa4c1a7ab23a6245594eec,1712161084.0
1712161056.590315,c6848b5ee197b2c220b51337a48aea3b9b6007e1b9a15dbe7ee09db58bc0a27c,1712161084.0
1712161056.590315,5970d3dd0d8e826005defc9b83f20655dc8137b3aadf65806e4bec642d7f6c52,
1712161056.590315,9f1b51433bcee3af7b27d7f7f140b92f14cf0bcfa1f3295727a646e4c5c3f8a6,1712161084.0
1712161056.590315,e027f3530a332f9a8569a8af2571f48a9130da69b20b896895ce06260ca9f53c,1712161060.0
1712161058.497161,1571819245784e532a3d4960fdb6995ef8c4dd52828dce0e39341a6f9921ec4c,1712161084.0
1712161058.497161,d7d6ddfd5a02eb77cfcbda6722441f1ae13e1f4969e531814301ffdeeeb05a8d,1712161084.0
1712161058.497161,3c4aa3e6690ab8be165eefe226b4c5d104b2678396ac40c68227c0604a413dbb,1712161084.0
1712161058.497161,c19cbfb57e9393bad2b09febc45e91c906ca9f72b7599be10e4aac1c59c15666,
1712161058.497161,bf15fc291e7286bb2bb6608508f8672622e71c4b5f44820317907378d35e21c9,1712161084.0
1712161059.927275,15be021922d0592ca2d8ea0825ba6a5f543b42838541a74230b548e60cad5acb,1712161060.0
1712161059.927275,218adf85929f0fe40c8970b752e6233bd84088f3599fb0b8e4c0f1f40b7322e9,1712161084.0
1712161059.927275,a358167802ca3ecb67b3919b1251be53e8e613233def0759b94d0202601a5893,1712161060.0
1712161059.927275,a38971ae12ddaac15a0516c986f6a1b1581cd6a10e39507625305b5834bae3c6,1712161084.0
1712161059.927275,1590c96ab18a517c164a3a8ff934c03246c5abfd89933c25a6d16f6a23964a98,
1712161062.142221,8d54da616b58b3135d39d013c423665d39cb4371e6a5f3663302e12eb178d703,1712161066.0
1712161062.142221,b6d38728679aeb56e5f45d5340fb9f5eccc4df5b8cf522b416c67d13fad0740f,
1712161062.142221,1edecd7b59151531fc113348facfec48b7d47c29cde988e79c24fb8dd013e267,
1712161062.142221,e300ab350d9c4a52360a73ee0197161641aea1aaaba5b5c69454ddb94c9b13b4,
1712161062.142221,b3126b07aafc4f41184b75b326d3d5648e79d7f6db046accbe6e87979cb3c305,
1712161063.608104,1e2bcf3a944f03d5b48767e53ce63a2ea4de7aafff2cf852ca8c2971e266bd78,
1712161063.608104,67009532d5e636559f1aec00d247a56aae9771377cbd324cfba086bd87e762de,1712161066.0
1712161063.608104,6d119fd62b1d3bb8fc05f44a634a2143ac135598dd025444ed2fef7433d97611,
1712161063.608104,6f748c61df00e0820272f4b172fcc5b9853bbf1ad2b44b8bc307f86b7b293703,1712161066.0
1712161063.608104,9b3a54d7e2f4edd174215707b9de28744c5337f1bdf30c64b26cfbdc879e16a0,1712161066.0
1712161065.024431,04e367b536dacccb6028da25f39025c45be3cec4df3bdfdf33c6a543fdc08a89,
1712161065.024431,eb43e7e50ae9958ac13b60192d9e5d02e22685e5542b61bda48f97758219403b,1712161090.0
1712161065.024431,dfe0004e3c677cf6f95dbfd553badbe457cb965e3afff50c4455d8042be73607,
1712161065.024431,3d8baf850a3aea2526e997effe2c5b56ec2bb22688791923947375fcf35dc1d2,1712161066.0
1712161065.024431,161ecc91c0b59ab324c21b6242042eae478cca9666971d0fa2d7349b4537bf32,
1712161067.246426,0494da81f0d6c9c7b29368b9dae0f70767e766935bb7c3a5ef9bcf5fd4ebc6e3,
1712161067.246426,aae65020aa59cd56a13206f9f25b75fec161e5c1f07f8bdb54edf4f987f2807c,
1712161067.246426,65db47fb4d86f230821e28f2a7242bd9185ba4f3661f3596dec47392987d323e,1712161072.0
1712161067.246426,21883e3f9141b3b3aedc192b85fbccb181bcb0cb8b4f9881c772d8ab557c505b,1712161096.0
1712161067.246426,99b1d31bc7cb7f114bff0c0550c166b7342480ec9f208fa169898adcd270a7bc,
1712161069.830979,5d0058965b3462910691e3507672ad088ce982078d853265cff6a3a04fcfcb70,1712161096.0
1712161069.830979,83c6c55e27f0249ab0311a4ad442adb24e2ca135026489ee0743f7d24f9d39a1,
1712161069.830979,25587ecb4c01aff15622b3792e3ce3bded770108baaa2318575ffe0b3531e141,1712161096.0
1712161069.830979,27a346272c95529a6033198b7d97b63e6158db119bc277865e89ea4d017691ad,
1712161069.830979,f9819d3cb8234f45c64b0918199316fecded0a87873ec232b52426f5ca34d877,
1712161071.344389,28fefb231681ed7f69a4cd819c69e1454f83d26fd9cafce153febcf720f69a56,1712161096.0
1712161071.344389,566ab0b0206c30b6dbbdabb6c05b5bb5dab9471afcf91b65efcc6dda81828bf0,1712161072.0
1712161071.344389,683909b7ac9e4597690f318ce1804fafcacbdc0c3f8956297ca442b10702a112,1712161072.0
1712161071.344389,7fd27ac942ebb6bf8028ef4ea5371934d930e7fb96b89215c2be98cce505b05d,1712161096.0
1712161071.344389,61743d0079e92e7cefef7662b9d1769a61e2d0928e72d1abcda214b1618b5063,1712161096.0
1712161073.860357,8ee5e40e1c9add55e4426181f1d8b0aaff09e2c2191cb963c2206fc269aec7e1,
1712161073.860357,f185ae441a9f38172e9a9119866e4909212bc63a71cfc36e4e5df8403bc103aa,1712161072.0
1712161073.860357,4815ff7fb3a36fa84695a1613c98f91ecdcf96b8307752b20a61c306034bf784,
1712161073.860357,cf24bd70dd5bd6b9bb8e3bdd93527a2e9b3fbbf97cf3cfb6e12ce5f1d4e02a33,1712161102.0
1712161073.860357,7beae2c26dfe064c2c3e87f59404977bb234e5d2f34a13450f9fa68211baaab4,1712161078.0
1712161075.493704,6a77eb6da1dd8fdd28d4f15ed0a939cf63a66308257e6ec4b7aeb7b1a8707b55,1712161102.0
1712161075.493704,ff6e316d91aeb5d16b31a2ab71df24dea8f1df223860a9833b4b3a769bbf792c,1712161102.0
1712161075.493704,6d38631248254ff7a419126068eb28bc9b6c789fcab204b8d2682a86fdbc69c5,1712161102.0
1712161075.493704,43d585d6f4fe40769a80eb7cf4134444050fb7174e95981454d2a9db59297ec7,1712161102.0
1712161075.493704,b9677a6f564bbb718d0b4192f7b6698f0184ac64ea6076fb381a39ef6a0a0b62,1712161102.0
1712161076.981101,a0c53f670286159e61670d87b2f7d6e9fa9bdb5b9cf2d78ffa0fbb0bb638bf1a,1712161102.0
1712161076.981101,f238681b50945dddd13f3c78cdbba7708285c04749966c2e1177dd1f1b711435,
1712161076.981101,8489b4c25ceb5dc22bc3c8a603c608d9259068279d052732736f58132c65fedb,
1712161076.981101,e8daa06d0586e20ae3aa2cea5563f9d75e0694bc02436c3f3d3b9f784d1a2b86,1712161102.0
1712161076.981101,7b6b8f53ec241e1f6bd0a7b818246225b66b5ad95e08ec62c95ec625a9e78784,1712161102.0
1712161079.097023,469d4ca6f7abd1f97e5b299987890ba5a9a97efc0f40f2e7d22e02ce00d41006,1712161102.0
1712161079.097023,78d34c33d559ece983ad7f107e1134f384e8fa3b5a7fa577bfbdc61e9fea3b30,
1712161079.097023,8d021e91a97e9e9de2cab1f4caed642cd8b9d5e70ece56ae0efc6a287b2e0f13,
1712161079.097023,391d8cac09c1695ae0e3e00100e1bd7a361f78051141b95210d29e532c33e9bc,1712161108.0
1712161079.097023,c61ed36b82e180c242eda1bc4c33e5f50ca8b3ee96fc9d2b2401d4188c6cf336,1712161084.0
1712161080.941714,961ddf6ee360819f748fc671435931c6c9c2dbf6b11bcd3e7f5119b01f8399ca,
1712161080.941714,71cd9613ebb18dd7c2dc68f8828bb409879d5269edadea3b566b0c2b06561850,
1712161080.941714,2f77d977b517fee413a9572102c74a1aa2c86a830a8bf11b10bf2a6f27465596,1712161108.0
1712161080.941714,970dbdb2a0275be1a5728c732a51fb281571c1421cbeb70a73fa5486fd3223f6,1712161108.0
1712161080.941714,dfa6190a05227566b985c7729c616ac118943dbaddd2293c1987f5ce591a78d3,1712161108.0
1712161082.462883,08a9c2ab428b93d5eff3361554272decd1c0673a6c6cd5bde2a200b51b9b0eb2,1712161108.0
1712161082.462883,bb0d39c2cd448df65807f7ce47a389c266d45a36cc1c505f6d509573eafc6635,1712161108.0
1712161082.462883,29ee16fddc6c0e1f2db8a4ec7798af33c523bcf7c5ad959897de43dc9c4ceca3,1712161108.0
1712161082.462883,055b4e827233bbc497633cb5988e80848e094f18bf2fb810bbdb88e162981c13,1712161108.0
1712161082.462883,0877cdf6ef2f211bd77ca9f02cc6822fd9a82a914a74aaa460b11b1a5148f4d6,1712161108.0
1712161083.898647,7d2bd7ce37b8ddb283ce9e843e79ae53447f7d3018beaa7ea73a085e0a294a8a,1712161108.0
1712161083.898647,7948deb49bd5999ae2d9b2fe70fd25d8669f2317072bf0937b1d3f9657066b59,1712161108.0
1712161083.898647,2d3399fb918dbe5b32e32ae4e8f926882a39c47a39f5c4f5aa8085da7683c342,1712161108.0
1712161083.898647,a6ae00780c87912459185d62e882ab7bf071bebbe0208f4c186670e7c4201fa3,1712161108.0
1712161083.898647,1cc87534df03a70cbef7385c700d96d6c845d02f117ae5f1253d75a09838ab8d,1712161090.0
1712161086.399354,d6c5ee0382eafa38ef389b490ca975ee67557fb525778c9e2c2addc6cb079c5d,1712161114.0
1712161086.399354,3dbfe1732b9d9205c8c5f81b31fd32f041b7600064a48e79041d20bfe1de250d,1712161114.0
1712161086.399354,cef5c9a0026bcc971262f078f96ca569eb72e1e656a168f2c64ddfda7e2b1065,1712161090.0
1712161086.399354,82a62bc0b89db41b677f47e0c35cf31d520a6eab44a5f6486b2ab0fbbe2f0d14,
1712161086.399354,418cb1a8fb7d9237120bba1bd864bb57087d31337e781f7395050aaf192f8da6,
1712161087.911833,107828402c1b696715d8e91a8d236587d5a738719d5be6750338027c506ba5da,1712161090.0
1712161087.911833,e818f159deb39de39f1eb759848c460e6b0e60da5cb12d620b48df55b8da9f94,1712161114.0
1712161087.911833,ed2c62e0073d884f0aabc4463aa2f7124972d13173c4c9dfe1a06724727bd5df,1712161090.0
1712161087.911833,6512814adea66e9d08b6e6b8eb3f2094bd5d53951e0fedc92856e26a3b4eebe9,
1712161087.911833,07ca311ad34df4cdbc2336f16326f1387dc878455018dfb91571b8474eac4a00,1712161090.0
1712161089.317651,a00df67112926f34f85a09730dffbebebb427b39d29e5ca31b6fa7ed7efa6e1b,1712161114.0
1712161089.317651,11227b5a8fe2ecba7dd47d63ae765b6a0e0d5e881152c0f6dd74049b090cba6b,1712161090.0
1712161089.317651,859eb3e95e86fea7022557b235646995c9bc86f6bb0ddc677a37c5f68de46cdc,1712161090.0
1712161089.317651,136952216522bcd86e7a4642cecf2900238b44924bfee538eb8a1dc36288b5ec,1712161114.0
1712161089.317651,fed306f0ae668d77e2f2f01553ea5be0b502fd07b528c5f3860c352dd238fc87,1712161114.0
1712161091.359234,928e90029f1c5da7f211a0f0bd56dd0a49d6779996fb111bc578427b6085167a,
1712161091.359234,ab344a9344b1fa95856c585ededafa865061962b932dd91e1d65946c25bbfec9,
1712161091.359234,16d44cd0c958f8b962c50d81a42ba0438477d9b3dff4df6290b87150e0031efd,1712161096.0
1712161091.359234,1792fac70f7cf671b5c322b38c43fa7d03e2cfb806b66cdaff194543fa8f0e63,1712161096.0
1712161091.359234,cde0e56274d941a7379a12a084ce30d717c3bb8a444229ac71e3be11b7cf3056,1712161120.0
1712161092.91275,6578ced1919048271e6539df9c85f37a46a990575ba86bf0bd8701426d310768,1712161120.0
1712161092.91275,73464289f1777da3028f2ab5e084c557c3bd37b1544e565499cf4c56ccaac4fc,1712161120.0
1712161092.91275,d0f76890a806bc916968701450e56605ab95369ea4480d913645cbb21e071080,
1712161092.91275,5ba9242e30beae8bde81ae26478342eee66a67d377c71aeeb02ba9f282ea7db8,1712161120.0
1712161092.91275,71b9cdc0525799b826d1b81f2f50ee4f889ffa88a02cf791048feb2ac03c58a3,1712161120.0
1712161094.406192,b83b0e131b5deb4e2a2d289dac9a5f5b1de024e4d938417877dd9efcfa340024,1712161096.0
1712161094.406192,a48efce47e650f49583b55359f3fac1e2c8c57f137a78bd673e763e923c75ebb,
1712161094.406192,84afb35922ff621d21a0f4dd787932103d479fd6c156ad245ea8d76b6a0a0bc3,1712161120.0
1712161094.406192,3010c139ca47e49fee63b0f2978e8033a0deb58243a8acd194c58b495efbcdf0,1712161096.0
1712161094.406192,50e5b1971624713800b89ca1780d46cb8ed5a05034a477fd69a009a3c30dca06,1712161120.0
1712161095.844803,81c0149da4b0884a94dde25d44d96d0dfd9739ce6b438dcf68de0b3685677110,1712161120.0
1712161095.844803,7ec004f3c1f124b029faf56660385b767158ff86818bd4cc531e8a13b5271901,1712161096.0
1712161095.844803,f15fcf60f049f924e515f5ed3506614834b257e352e7a24548ab105356f77a48,1712161120.0
1712161095.844803,a3ff2479798b5387b97a9ad6282b6a4415d73e4ca480a8f004b1faaf5f66f7a5,
1712161095.844803,37331729c688b9315c84910181e3f833c9390e2a99fde7382772f4396f497bb6,1712161096.0
1712161098.234219,8e0cc9827efb1d0e2726fc705a57fac7014cf93bec61da7155494b795e825b88,1712161126.0
1712161098.234219,ecdaedd99db8c09b511f53b41722a9e188275e228ed2e7d9df097e384fe6773e,
1712161098.234219,bf5918f0c9bb39c6fe1db34f35a5868e2788047f8fa2c38807d212740dd3a92c,1712161126.0
1712161098.234219,ba3f8619a5fa6f2aa0441c35dcec11608816c24b144a1de03ab44f22c3728a4e,1712161126.0
1712161098.234219,9eba453dec7c8e69ada17aafa14005777d5960654b3c5594bd95e0a54c7de954,
1712161099.749987,bc11308b53937e7508adf05151955e821b18c06f43485a3d22a1f3dacaaead28,1712161126.0
1712161099.749987,f8bee00ab57a375395a6063b072260e7c8b828fb6c66d32c86de1aed17022ad8,1712161102.0
1712161099.749987,c77e43daf69127fdee0100e5f8db8458e9c70dd73a1b2fcb0abbc046e324ee86,1712161102.0
1712161099.749987,5e243a915e3680a049550e236720457ef7b275c7a5f2ce1820a74f49fd8dd5b6,1712161126.0
1712161099.749987,aef6e1fb4a71ef0a2d478b3f9584af1cec7b250daa8537141d121a76d754a592,
1712161101.166746,4e22c234b1689bd59c640e1fc54f9c04ecf71d5e8a1cc0e02172565da2db0e97,1712161126.0
1712161101.166746,4024c26bf54ddf3ce3a0e7217f6d58b7285d57a7d416b6126e7b619c0dd31f03,
1712161101.166746,b563db797ed1b4d5d6861b03216f7f9940fe43dd5b5d5816434c0a8b7199c0a2,1712161126.0
1712161101.166746,a1cd03e03953df803972669fcefc080afe1388fca4d8a17d0b47df18c4a4ccbe,1712161102.0
1712161101.166746,aa47f674095fad4e06595b925b5e0221aac742cc997ea1610506249412eca05b,1712161126.0
1712161103.213224,a2c9fcbf0705304cd921f94fd7a1609eb781e5f7243795197a556adaca0b28f5,1712161126.0
1712161103.213224,08fac058df7e7da6f52b5b4cc18d0cdd90d176a1313d4ecdbfb7d95b9a74bbc4,1712161108.0
1712161103.213224,2c4e8e5d2021a0a77716b7191783033216da332fbbaf5a4509634b9c69eb9141,1712161138.0
1712161103.213224,4d7e19d202bc033dbc05c9ccb91749d37c8552c8161341e073a6ea4dc496fcab,
1712161103.213224,fde37345f147978b89bb136db039d06cb4d3d875ca20335a5a3de580ef7813df,1712161138.0
1712161105.247585,87a97122a017ee59892aa2a53c21580c2aa1332dc36569f8805cbff32930f0b2,1712161138.0
1712161105.247585,e946ab39d4525057c5c55f3ee4e5d07678a36204308b8d9cc082ad7d2bc472f3,1712161138.0
1712161105.247585,2ad1da1b45efea393ff7ff9f52c8aa818f00257141bf6d3bb91636376a1ae251,1712161108.0
1712161105.247585,1745ce7339c108597e5295a48d31e8c628effca7bce1eb847edd822c10b8b45c,
1712161105.247585,6d145c53223783a44ea204eeb14e28f148fee74bcab9e67b0cc942af7528e96c,1712161138.0
1712161106.706065,aff2a1468463c50aa1bd048dce936321ee142d3995c90bf41346b0eb9ca4dff1,
1712161106.706065,ae8abd829a1e0d8730889b9791565f22ee6ba362a28b7b37a2dfa2030ab2fc6a,
1712161106.706065,fcf68aacabe3fc933a610e9fc8d6e198136afaab6a166e7a930d01c670d1620b,1712161108.0
1712161106.706065,9431ebc7c24ac8876a4b11340b06f3e6edad0b56121833e43ee75cdcd5d332a7,1712161108.0
1712161106.706065,409ccf791618ba23fadda74fff30dedf181acbcced3f885e2969b8bba575fde3,1712161108.0
1712161108.293812,69b2cb34426f3db0636e8f6c710c78d6584bdf04d34d14b5232cd0e0dd5c79b9,
1712161108.293812,53b735edfde50b157d91c296533c31621ddeda4337075e08957c6d51bb9d2c7a,1712161108.0
1712161108.293812,163cf9c5a7c050045fb259d46c70e7da42faf4103d078704f7acc8085d0065fd,
1712161108.293812,e3171abaf9f7addf02bea3582576c0c1082128fd7af5e3f0c1a5666528011ac5,1712161138.0
1712161108.293812,89a35f23ab6e6580a800bdc6d693850d4db2ade450fa3a8e7b9224ce4fceb17b,1712161138.0
1712161110.585696,695d81446835e48a1ecb48801ac85e642bd3786a8f448e5910473537bc18b057,1712161138.0
1712161110.585696,6d7ce2e764a554ab21555f1285fdbaf67b830380606ea755e36987fc5b65396f,1712161138.0
1712161110.585696,5c38738a563ded4fe97ad07f96e3ef6c3d657460b4119ebfe26e1d312133d1b0,1712161114.0
1712161110.585696,ee83d91e1c2d62ebc2a2533a76ec23dc80fe2392b1b4539323d05d97c1cc85bf,
1712161110.585696,99f4a2274cbc41cccfd9b0a96e81e0a9a4d1991f201fb221a12f0fd2446e1074,
1712161112.108722,8a2a71656b0fd1c3ad40a71086b7785747b62bf05df6ef3afb5753a41e72926b,
1712161112.108722,56c27a5c518c895fa4aca7fee27e99536ba3054a60afa7de98444d2b6f3b2b6a,
1712161112.108722,1bf5a60cdd0a05a1bc6eb2c94a1596fe19f05d3da6c9cf01b5ac0992875a7465,1712161138.0
1712161112.108722,a091e46eb43276869620eeb09f83f5edc53681990c7906fb616da2f495a43269,1712161114.0
1712161112.108722,b9f54ff87b1d625fc2556e767daab623ca1cd3f455b5043f567919e9d17a2e0a,1712161114.0
1712161113.475057,13f1565957c32adf550fbbf81967d1287f5635729c10fc0c83245a1a8194d4e6,
1712161113.475057,73f66ab86ec10974c2c76e7805c54170bb959f38fd7c470d62afb50d6eeace81,
1712161113.475057,2a7dc744a2cd7f355d646e10768e0e8ae71f24f0c211145fb7aef47621be1ce0,1712161138.0
1712161113.475057,a2b01ff8207e16ce7265dfdfabdd9b77482cb29d68238b668a96d0a02ad69329,1712161138.0
1712161113.475057,ae68846df2e62fa65676400e9de2d404e1766f4dfe1db946aab2c498e8bc0dc8,1712161114.0
1712161115.799625,b8cf49a2294801e6ed03a986d9ef8d756d6cb698edb3519c827ab82f2e46aa76,1712161114.0
1712161115.799625,4c673ec5b0be2999537c9971efff46e6c0a4d933ff3405cf9dbb7b53583dac64,1712161144.0
1712161115.799625,5cc550b982045fbd8f03ecd5fe189fdf69c8a134e58fdd5aa1a982ad110d03c8,1712161120.0
1712161115.799625,721a1c047cfd36530f2766ab7c06da32f21a36bb26205ece2ce42c3e9dd9fcc9,1712161144.0
1712161115.799625,a770dee935ef21abe4d6f200cadcba98facd30ec0657af2a56953fec7890f3b6,1712161120.0
1712161117.478697,a9c1020c43cdf5cf3d44a13b4bce137eab89d5fbe3023fe1afc3bca2d9974772,1712161144.0
1712161117.478697,70b20d60eb1472b055ea641cb959bca3483cafb183ead5adefe8f9c6b693fdbc,1712161144.0
1712161117.478697,9ae7c581682a0f16cfd96a3fc33545a3c231343ca08476e9591ebdbc968ffd3b,1712161120.0
1712161117.478697,a9ecb683cb5c0f6a64f373557c2287e36093dbb29f1eb36fa8e4753514a06505,
1712161117.478697,8cfa02b2c1983103600adfd379a85f8db764df85331b1d34a8c4783c25ab582d,
1712161118.956397,384211c8bf68ac7be6a22b0ef56a2dae9369582d65576576e7cbd18c8565d09e,1712161144.0
1712161118.956397,610fef8c7d7f40b6146847b4d5fe6a48a5d951fff5972ac1c01b4ca2df07523c,1712161144.0
1712161118.956397,52a58ad93bdff9d6deb48dd90b691cb071593863c03db5fb04924c01796de733,1712161144.0
1712161118.956397,74d9b5cc20ecf5d1670524f3627fcbe40b17317f2dd883eafacddbea3b311524,
1712161118.956397,a7926a5c1ab837712d3921cb03ae43344d3bcb2dc1d9a0d8124101ad81168611,1712161144.0
1712161121.633418,ae17aa0cba3a9c72ddba27aa99f4c64c4071d63caca461946d46d476de2512d6,1712161144.0
1712161121.633418,4302ee6d2e84cbb58a1fdda16d5cc5836c2939dcf6c25b09fc4726beca347653,1712161144.0
1712161121.633418,310b15966935662a5099301c67a21ea824c4e5e72fed590d8d7e40496ce111ea,1712161150.0
1712161121.633418,826ac4df7a0941d2edb76af60c6b2f42b683c72800f7a34552357ce01f6e6902,1712161150.0
1712161121.633418,7e1b966ad3cf2051f448009b9c5112402c70ae84d227e9b56eee0f5db8b11baf,1712161150.0
1712161123.806946,f475730e1a16f376b8defcc82b9a70b4d3e79af20b3b0d3801017fb0d761775b,1712161126.0
1712161123.806946,c13c8db8afc28961604ec0c42fe71f0f35007675b83064995ba9b10e6ed5c4f5,1712161126.0
1712161123.806946,49ea8b5490712cb2e956453e6fb6ba1e09e3564226acbf52558a9e7bb9fe2948,1712161150.0
1712161123.806946,3465d825834740df2c11b3bfe030c4b52ed6b9ef6848b125c606912590929267,1712161126.0
1712161123.806946,a8360ffb3db472135639f9928d33f10975391818229842933f30ad2f350df051,
1712161125.307328,24513c7bdbf1757e87af9ead6ed68db9da9ce6f29ba3f77a1bdd682ea25615c2,
1712161125.307328,be46b08a518d2286a0fc9667c0d8cb7945adf7e94c442151d382cbcef087dde4,1712161150.0
1712161125.307328,78c376de2c8f5ae2980164faa798296e1adabae0fce67ead59f6be916f9e570e,1712161126.0
1712161125.307328,b9a475007184482d1fa7794814608952d1f5ed25cf49a697560747c4a5692eea,1712161150.0
1712161125.307328,81dd49c471e9a1adf6954b80a899f24990fb0961142650cfeb442edc24762487,
1712161127.373966,3177413399586f9d1ab8f2550344418346c56461d54ae90027b09a64cdbc89cf,1712161150.0
1712161127.373966,a5fe8597540ade759aa437804c33df9cbadef59399161d60b2c5ad241ee52fa3,
1712161127.373966,1943fc06e41c4da53aa878e6c8f5b434423336cc0807b8c9fa8142202cf803f0,1712161156.0
1712161127.373966,bc63a899a64701f0783263501d72271e07e8bf9765f38b01ee665cb470e8e122,1712161156.0
1712161127.373966,0f4aabc43619fd2dfb14751ec88dff115800dedbf8c607c9df54961056ad9f4f,
1712161129.630582,d4201c0f3fc2c0229a60aa2e1eb6758c2492694dfc4dd770ec07ac10b397048f,1712161156.0
1712161129.630582,8e6f13754678caefeecd62dfb72b8446682074e4ddee1830e2b61f033594419e,1712161156.0
1712161129.630582,9c5bf08e7a73636422e9a85dd078a83ac5647bc3f5873f818c12bd2f8ec051ab,1712161132.0
1712161129.630582,d411fae6e8cf01637e181ed075989955afd169828b95397c566fa2dab6d394f9,1712161132.0
1712161129.630582,d03971cc79d8371e9d6eb89306d5a01c3dd8329bc8a418e87f90b306eb7b3220,1712161156.0
1712161131.094313,7e82bd2091817a5b51a7219c458f57a1fb0ac2607354f9aa9325f77581f77d8e,
1712161131.094313,46402ee283b09304b1df7ee9f036f2b313dfcad35348d404dbfc120bb7f77daf,1712161132.0
1712161131.094313,680d6852467f275b521843af07bfd849ea10f040e256d96a1b7b02ddbd4f4e89,1712161156.0
1712161131.094313,7de06ab209904d3014fa5c53e1c0c444fef19270559c11cc5de8e7a7b4c00e21,1712161156.0
1712161131.094313,da51931060ada597ddfaabadb0bc46bce210bc569bb6e680c02e9354c25d3db3,1712161156.0
1712161133.384734,c35b938f45cabc23042dcb311085f44284ce1da6cd5735f1a9838bc6cdfc769c,1712161156.0
1712161133.384734,fc4f653391a731141e0d7e9f2b841533acbbe5c8f6eab08c89aa6ec621707ad9,1712161156.0
1712161133.384734,4ce7c39d682b9efdff19cafb830095e5a1ab1b74e52366f11c4a212ade15f8ad,1712161138.0
1712161133.384734,380f1129895c411568042713d3943f3a4909a34e3edcee146e3c896b68c41284,1712161162.0
1712161133.384734,0f9166b1e50c52f6f7169db77863b682402e8f70357b05cc26ccfe892eebd122,1712161138.0
1712161136.623066,010c76ddc7829971af3a791da44bbad72c372aea5d4ae0d2776f87e45776339b,1712161162.0
1712161136.623066,aabe8c465bf00cbf2e9d0ebff93829c31874c782766e420779fe1e353a158c7a,
1712161136.623066,5edcf0c263ccd7c5ef1bc8674878388dc57516a5ae2f7e74510e12c7f0c8501c,1712161138.0
1712161136.623066,4fcf3f845fa4b4818fb8d96b42732adfa5c643768b110c4c3a257fabb4625ee0,
1712161136.623066,c52f448654d13a03a7f2df21ab86a4b88dc6ca54bf30f06e9f94cdd4a68e79fe,
1712161139.418241,3064d7cd75e41966af3602a88a19cbfda8eba87ed1ea505781aa35adf2ddaf83,1712161162.0
1712161139.418241,5289b82bd1ccd2ea0962179cda124dc1bff98d974248fc7a4b17d0cdc8482f67,1712161138.0
1712161139.418241,2d12a292e9cae644ca2ca631232876630b8d2c1eda7a20a97792ab11a5ebdbb0,1712161144.0
1712161139.418241,b0ccdb8fc1eabef1292016c06bf933db025c00bdde0d98815a8680c80e870420,
1712161139.418241,b851f23529a902a7512df2ed8cb070e2325714cda6e4b93281b14607006ed30e,
1712161141.646721,e1a0a75555482ba7cdebdd72b2c9c459fc60e6dd2cc878eaf80bb62056e38528,1712161144.0
1712161141.646721,1a793bda8933fa3d01e898760f9107ac299496544d27576b7f8db8d291e0ab22,1712161168.0
1712161141.646721,898503cd9cb151d428d8d3d2115c14ca8a270fd7fe5789cd1e8a267789419d68,1712161168.0
1712161141.646721,6c31dfff24e75d4f2be1e0369608c6d2ff37eb04c7c7834d6187e5a1c1bcd216,1712161168.0
1712161141.646721,d572c5186ffd59fdc06b17ae0bd20f446222e304e1a2548ef06cab0850ead883,1712161168.0
1712161143.320344,25f21862c2fc389e11e05a9d9aef3b38032df1b81125a6837a9bab37d0716ed9,
1712161143.320344,4a413db9d49e8e8ae1e6a2cdbbfc7a64e3d15182a1c34d6ca241fb99a67c9299,1712161168.0
1712161143.320344,10ab3d594077ab5cd7ad7e72181215ac8b02633e588d0961e63bc6b31f764e55,1712161168.0
1712161143.320344,96546b5dff4165fe22db4baf3d7b5afa2235d66d501e8edbe9ccb7da75bbd322,1712161168.0
1712161143.320344,851e4f0bc4baab1978a46d0f3944ca9aae7821ef304e902590998976a533cae4,
1712161144.979407,12408994ef27faa4ac862e0c114d67bdaa9d35b27627f2501aa225a0a423e96d,1712161168.0
1712161144.979407,8e05f4f7c3c377e0a50a15b9538cdc8174d49bf00635219863586c84e650c40a,1712161150.0
1712161144.979407,4a046d0604526399d4cee13e717d3ebc33dc544424760b6de62e569dd53cf8fa,
1712161144.979407,246c38415978db5a8062b0d8efb1cc70025bf0e32e053bc2692357d226c4d806,1712161150.0
1712161144.979407,10883c76773da925a7124e8441f27bcea12c7fb01a90121522499983a6cfdc43,1712161150.0
1712161147.14558,497a362f331e6f260329acec58b734d69602df4cdf60c7f57851c6aaff9b80ce,
1712161147.14558,cec9f132fab1501ab563e84ebe7ba9e7d80755075e32e07ec2b7056896a0e4c4,
1712161147.14558,c3049f77cf03488a3420048dc9a23bed2b928bf3f69429d7b6ec24e64a45a565,1712161174.0
1712161147.14558,4fdbfd499c9c06f3cdae2d3622fc584170b2b396aba65a3749f1b1d1b3f1b8f6,1712161174.0
1712161147.14558,a92511230a2e37e9d720ff74b74a1bfef6ef0521a13869685f52966108c1ded2,1712161174.0
1712161148.561111,4f0c09eb5f7d4fce328370637e6b70da60fddf6350af98f7a23a107725b78470,1712161150.0
1712161148.561111,facdec03506c02d33aebd28fcdf0a125e5c0625309426f450521bb59a78fab06,1712161174.0
1712161148.561111,a4e2d41dab4d97268852a145bf01e8274f26269be0371f6f7151d2d2242ca1fb,1712161150.0
1712161148.561111,54bd78ba8cb45891c3884e85596d2128023f45bf33063f15dd7d46c42c89f22a,1712161174.0
1712161148.561111,9a68631ee3ef04f22f7f11d7d4fe42569a545fdc150b5f6a12c1456b07b7748f,
1712161150.090466,4716e22e911000e9a731720ffd4c1aabefbb86c5223bc6a0bd7c095d6d97e124,1712161150.0
1712161150.090466,08dde020ae0787d1a358c442456c4b0a7c6e782368b94e6603f740c8b5ead4a6,1712161150.0
1712161150.090466,063a050748ab15b1a2017c08296f448b6895260062c9f6a191c615077f7f83ae,1712161174.0
1712161150.090466,2b57e40d61c46e9e41eb9d3a4201b4b826173e74954981575e35e81b344f8b66,1712161150.0
1712161150.090466,f2619e33e729a5b02441041e2facbb32f510fcd379961d869339a5edb6901137,1712161180.0
1712161151.991332,3796ee83cf58447a708097499c4bd2a58b8fd469bedb9fad006d8a0a8f26d843,1712161180.0
1712161151.991332,a5bbb2ca60d55311562394077ef4390d89c77887536cbc4c0014e4ef4a86c8a7,
1712161151.991332,4103ee91f1b6db23085ceab91b6b8c3fba0d1429022b2d56f3aa08d92cc2e4ce,
1712161151.991332,46b40d829fe9e861bdcfc772a36c6d4678be0b83d05a185bf96394dd63d17546,1712161180.0
1712161151.991332,4b2cd5f82bd2ecd491d534d1373a3ea39e01344f93209377d91ccc5ca2493326,1712161180.0
1712161153.454131,d3957fde186e68f9844b48042779b01242305421329a57a0bb347da8e12805cf,1712161156.0
1712161153.454131,bcca79a694615b8e044bcfaa9e697167767c8a26191a74912bfef61d2f9ba9aa,1712161180.0
1712161153.454131,608cae933fef9cecdbc0bce6687706b6955c6cb2877cc5c0059117b66d0d04e3,1712161180.0
1712161153.454131,fd4b5fa20a0a90d251fa49ecee01b4ec65351d5bdea4d48f8b77b8caa2cad083,1712161156.0
1712161153.454131,c5040a14dd9c486d19b0d068757b3adee7fa0e8958f83fa301fa57fa62051556,1712161156.0
1712161154.945007,e04056b45fa15dae6a45738fe0cc4ed2383f5d34f3d7a9904e480e6ba2b299af,
1712161154.945007,1e3bbe7c55033a0d44049fded4ebfdccdc10903a2eeb0e90d85f6ad9c5a610ee,1712161180.0
1712161154.945007,2915f3050ab2cceea5a5042248bbacfbee996b7d381936cf2934827486b4457a,1712161180.0
1712161154.945007,565e1c1f0197ac935c2622635fa16150da064635fc9d9de55ed4c53f0211d75b,1712161156.0
1712161154.945007,1f64d41ee1f4fb9f45a16796a7fcea949ed84fd611b40104bb88e80c9ee7daac,1712161156.0
1712161156.537205,04ec8acabeee7038344d3ea8275f3280c9c6df5d7c590d12751f056bc0fee845,1712161180.0
1712161156.537205,0a5cb298765c29b84295d22794f064fc1723971cb8f69bfadcec551e992ad791,
1712161156.537205,a20b59f44080585148092ae2ee526c8df4e64613fcc731bfef577d693c6164f3,1712161180.0
1712161156.537205,463bc67bf55090184f5b5daacc59c9711ea41275f74f12f5ae8b54996160bb4e,1712161162.0
1712161156.537205,1d5f9d587d2b55a8586d99c2ba09f8e83a091dac964178ed563baa72471b3e45,
1712161158.568593,da220484c08215aed51717c56bb7a26ea090fc9dd288e158be4b0b262b0d4750,
1712161158.568593,f9f69e7c329d18437b5c9d83533a1c14beccd5af214bf4d9bce102cba3130f9b,1712161186.0
1712161158.568593,60f17a61beddb7d0f825f23ccbb5a7906a80c1427bcf04ea48459902b075ceb1,1712161186.0
1712161158.568593,e0d1ff77cb75adbd231b7a1a9f923e06b0cf263fa71b5f2910db304eae6001d0,
1712161158.568593,4840692d947b3f27389aed57b1319a5b73864614cb306135ec2d1250f532a8d7,
1712161160.061155,69dc890a6901655f01ff203a92752cc152d75d65910b50d0c8dca8d99cf43f1f,1712161186.0
1712161160.061155,56fa67c69a8188fba952d7de4ed1af4ece3bc58f8063972b5affd734f1788589,1712161186.0
1712161160.061155,5bd4536e79371f0f31acdf001cd9096f9a3be0ae9dec9f8af86b4a1d8a11e5b2,
1712161160.061155,f05b73c4137e1c9ebebef6abdce50cd40a9d50bde41275a018c8e39a63611b75,1712161162.0
1712161160.061155,0d050ea7aa992c08bdc2fb94cc2ab994794f6ea94857c4ef97da43f8cafdd35a,
1712161161.5277,072ea51a477f982d403eedd18dabb2b7f8e6673fd98040dfa98459eb9ef67224,1712161186.0
1712161161.5277,caabc546209a759641b113e14773de2e26005645544ccb720686d4bdfbf79318,
1712161161.5277,54b9cc758034f0f244493ac4c6dfabbf5a37f81332628ba9fa957f5ceca50dc5,1712161162.0
1712161161.5277,219837583bb83b9334573d609d461154eda64abeda6c31a0534b80922ca6c0aa,
1712161161.5277,041974264ddef3d0d5c2ad47d39217027ee947c4ce6daa3a351b161448b38766,1712161186.0
1712161163.758643,a703abddd09dc79dce5e7568834afb1cfef477ef60ac13f26143011fa3f22516,1712161192.0
1712161163.758643,6e096c4aee1fbfbabcdb7b94f2fcde3c133665a6ea8aaf6dcdb09174d0124fb0,
1712161163.758643,54c1c66f2550324f80e809faea1eb1bdd20f895f2e0b029c2a15c2d68ea9d2dd,1712161168.0
1712161163.758643,6978478d58216e10d1106b0b908686ed7e20c6d71ee1dd7b139e8aa372cd9a00,1712161168.0
1712161163.758643,0e9f3d21b3bdbd4795b8b16f309b598c4b461809322b98be444f7ea90e6085ed,1712161168.0
1712161165.267229,002ec4476fce09e35000c511155348a25374defd9467ad3c5d6789a17b412072,1712161192.0
1712161165.267229,37e45a3749760303e5d443b6f6bfa9bc5afa5ef346e7cf670b587a13af913265,
1712161165.267229,403e15a6d8f26f5620ae6f6e9c72a711632c6b87922dfe6c4402ed1841c37e4c,1712161168.0
1712161165.267229,881459b737433c99d7faaf1cfbdaa2e02bc9fe6b1ae807610270d69eadb5c867,
1712161165.267229,3178d60fad600c36fc556bb2827220c059a393b481e6d46c4b1300f5a46b0e1e,1712161168.0
1712161166.804729,d3366e6f40ea5cece1fa0ca93cd52bc989394cf4e722f8b9d48508a4f7f9afe4,
1712161166.804729,281d12efa4383c2ab2a300c32a9f3c618a5fe0b578668bf9a7ff614d19674bc1,1712161168.0
1712161166.804729,75f2485ff4f76d4cf55d9bbed1d4004e6ad7300863fd183432fe5b22925e0faf,1712161168.0
1712161166.804729,4c44a2126ef305b7a0cc269d09bd460986e8807438432a067659a7bb195bf806,
1712161166.804729,7f3258aee85a90b23627343cb5dd5bb30b28727a475fe5c2fa4caa7c1257b227,
1712161168.704206,1ba8310b61fe59d7837124d6694df4ab09f0a87d68a55710beb2a9d4743f0678,
1712161168.704206,5c3bed5bddbf50c3859a4647a188312a1c8d68c7b7fd4123e879798570291261,1712161192.0
1712161168.704206,08d8a048a4ea3d2615687f14b4b96b3af7d44ac3255d457c828ee45b0c81f13f,1712161192.0
1712161168.704206,b34e7979a941137100eda4fcf4a9e926a8ff8bbdbc6a79368ba3bd7baed6a6aa,
1712161168.704206,d5fc1b953c0d507088f239be06957a9ac0a40dfabea7ad5572797585fa0db4b1,1712161174.0
1712161170.977351,63959f844e3326803ae26d535798196066f849160d67de049f33628ee56605af,
1712161170.977351,69f2f243e80e763e5710456caa2465ebdf9f1f45b804364c14d482d14684b830,1712161174.0
1712161170.977351,9652ec7b1a4179b03af2696ff650af63174e1be81b3628e2829d72aff2dfb748,
1712161170.977351,d59d32c7f9d957218dffec73a2812e180a8f30de08bdbc6c6a997c2aec79245c,1712161174.0
1712161170.977351,750e2a43c413b049a09f07d1f83ee7895d32f3c3607c57bbed3f3d9e581aa057,1712161204.0
1712161172.35681,55bfdf1e13bfd32dc94ff8af1ebefd88ffdc7b3184cb75048b4e8277ecfa6f38,1712161204.0
1712161172.35681,48ce5662845d2fcebc948f8d7e7483ff1a2c514a66dd561bef8293b7f3bd1dac,
1712161172.35681,3993a2c91ec7366906c889d48a4b631b9bb4aee4f011083e8114420490b8baa7,1712161204.0
1712161172.35681,17ae0bf848dcef8a6a67172e72fe169873483e83f2cc95febda62e638184d6e7,1712161204.0
1712161172.35681,b33dabddcafdd2ae752567fdb58f40b16a3882da0550c92db6703db3b8c2411e,1712161204.0
1712161173.798692,989e0488712ddd2649dce6893afd25eb18ef1c1ddbbade1092d8303c04940ba5,1712161204.0
1712161173.798692,4df6873d38005d88a23765458fe55cff77fc789dfe604140e72005e936f9b06e,1712161174.0
1712161173.798692,f64ec67f1d4a6a5f6105ba6415d2b5dba3fab4319896ba33d23307a306ceecaf,1712161204.0
1712161173.798692,181f43ec55431f82dded6831b42509bb16c4ea4ac851fcd645213817eedc21f4,
1712161173.798692,f46cea3a9e2e505a7459d0cf5fb447e8e984a142747f6fa682b828560bce1c43,1712161204.0
1712161175.805287,7de1c5a1e2062fa51a3d44b91256cb759e9105ad23f107001f4a1c44b62ca897,
1712161175.805287,0db6386d7a7b05cdc29f094cd41aac6d7e11f56427dba1901ff4c4b279a2a5d4,
1712161175.805287,35f9ffa3980f5e220e25dbde738a7f08541743833d4a5135a9775d286a96eef1,1712161204.0
1712161175.805287,4e4392e5a9596ffb25e0f9d7b6978753a0d8ff264ad70be6368e1203b736e141,1712161204.0
1712161175.805287,4a44c47387cf0159060552c318c3f8c447f751e4ce75741414dcb5dd9254fafb,1712161204.0
1712161177.279797,14704743ee6200126a31aed541f4123d5759edce284c8620a8afe4bd2af9110e,
1712161177.279797,cfd3b0e4851f6b1f6fb133ee1ed7c478a26f134db67678d78ea5351014d73b1c,1712161204.0
1712161177.279797,e7d8a4ade635ba8688fbd753c48409c51a292df204d9b2366422193bc789f253,1712161204.0
1712161177.279797,03e58c400d026ff79ff18d6c7e1631f3254e3eeeb6f4bcd994e793cdb198aea4,1712161204.0
1712161177.279797,28a6b143f138a9ec9b85da3a8f228fa0f875077bf3f200635556af48012450ec,1712161204.0
1712161178.751848,b2e1c08988ea7ea5d540efd9489d1acc74e3b2632b8484a684c48a0c8813a8e2,1712161204.0
1712161178.751848,4aabbd23944ac4ad86bc56d1b90ca2e5d47ba615ac623d3720bd18b2c23dac8d,1712161204.0
1712161178.751848,e42b5a1658df8e17f1c5ff0bf21aa1bd135371d1053e11068ed349900062b4e8,1712161204.0
1712161178.751848,4dc163e1d4db321940c7641e256d1d5d3f5223d5f733e30f221a9de2c506df42,1712161204.0
1712161178.751848,c832662993f1fbf1f7c63623194af208fd1a565b2a15256c34a0a300243acb2c,1712161180.0
1712161180.581555,171b5985e97a66f4034e1893c0158ee00ffb270c68af21636c5e80b5ff8ee7c7,
1712161180.581555,0f6a4336dba2593272175e1ccf4d95eb4005b3638a6f2a7a9e89105357e61cd1,1712161180.0
1712161180.581555,c818b86ad3b10f76e6608912f52450de9859c111e428e0b3b4612e68f8da4a54,1712161180.0
1712161180.581555,35fcf11cab087ced66d652d2137350f83cf12491e87e613230189b6e66ea0f6e,
1712161180.581555,01e7a990bdaf582bd49e35df50ddf2adea57988d0f2f30883feb34c2fb113c62,1712161210.0
1712161182.179169,5f64624ab36de2316c7307af359b60a5df1eb76e97591a347d109c68edfadf21,1712161210.0
1712161182.179169,de9f64313a7576b8341b0fa6f765a1450a2bc66903e26f6949a92375fc578de8,1712161210.0
1712161182.179169,efd9c483de281c4bed639f31c854f5a55e6e868aa56d5926990901dd675adf61,1712161186.0
1712161182.179169,7aae1978215a3f3ffadc0f908ebea1951e9ddd69dbf8baaf46c51dbfc7116f3f,1712161186.0
1712161182.179169,b38b1591e889063417eea4dd75383db5af6b63cea1b995b70fdab9e01f1b7fae,
1712161183.720342,29bb64bab4f254e11343f09b798d3c46f9b1553370314c597fe5515191eb7413,1712161210.0
1712161183.720342,750cd3db989a8e162e0b25ac45969ff52caccc1cdd64b4ae0e5636a3a0e87780,
1712161183.720342,ecc862c71890140fa8d29589b4c44b68e3a79d1f3836938ffdd1cc777a7cf425,1712161210.0
1712161183.720342,3949e1909f290c3b390b50852d53d56e3ae45baf73b16d2bc24ca74f3379f2e3,
1712161183.720342,f4253932f72c77d678ae198275ea03a184be98a26f442ae667e83980cceceed6,1712161210.0
1712161185.186627,e7c7cad32da7c2c6d6d0796183b7e384db5bb01dca20b1fb3d5647423d743aef,1712161210.0
1712161185.186627,a8147551eff0879161f365d39b3c5e34e4f9065587c68f5c13407d6561ced8b8,1712161210.0
1712161185.186627,5a49c537ac544099cd04bd8fcc53147cf95dc3c180c20c3516983ba6dabf391a,
1712161185.186627,5693b81bd63e9b0423c0f0e414aee0af4ee68c3cc06b52802d4f3d78fba46776,1712161186.0
1712161185.186627,3d378185801233d180fd5a406f35a997228cbb6acc5df43cbdbf8d585f618bca,1712161210.0
1712161187.354605,1dd71c7592d5cad6985e8f636f2f4d412ba5cb0cd2bd51a430e70c364d171d85,1712161186.0
1712161187.354605,52b394a378dae9e0e215f8404478cb388c4d0fd2831401fa878bde927c48e2d4,
1712161187.354605,dafbfe22cf07c24088d5a78a2e0fb874a19f2ea27344d809de8a7b0aa49bbbfe,1712161216.0
1712161187.354605,834ef26ea885222660755269b6898f685e6f61543186e04485283cf28a84b3df,
1712161187.354605,521cb0c578b5833ecc0c67b7302796c0552945353c6eb0d2a3c0bcd54d8930ec,
1712161188.870992,bcd9a96a774eec370d8a7ffae674d312a943d0c8e933a0dcc7eb0cd67566cc4c,1712161216.0
1712161188.870992,08d692d4f7e35ba03f3c3ca2cc73451a0a658983c4b6a52a2e8a4e2b49874929,1712161192.0
1712161188.870992,bf4c13b0e9ab2c77d132917b317fc14ede89db569c3a6e0b21e2bdb1269c5045,
1712161188.870992,db0237e38b3c5f32e461c24318f09d4e75d431e2c9e0c49362a1998ea103ee0d,
1712161188.870992,6a053027b8d5dd11cbecaf1424bd2bb7c82cb8ca7bbaab093bb6e15a7efc6dec,1712161216.0
1712161190.528191,567d1c93403a8673be8d096b91c60be881dfbabc3198ec4ac1bb1673188d0bfc,1712161216.0
1712161190.528191,3a6646ba6c5e4d224f1cce95f9103f135454350983ec4804129fa513c4faf9cb,1712161216.0
1712161190.528191,ecee9f77066570cdc8e76fd596eb478e696f6a992c9e99be98d7b67cd5e9b013,1712161216.0
1712161190.528191,8651e0b1a3c60f1ad2765efc29e0292971022be906b200081ea916559bc5fed2,1712161216.0
1712161190.528191,56b100b12b1fd540caf73d9540dae37d82e8bd689dbee74bbb59991e544b5668,1712161216.0
1712161192.480961,e2fa3e43cf857f929e834c22b9c09593ce0dddf95eacaecf774784c6a98057f1,1712161192.0
1712161192.480961,7c8695bb1bb4e13d5e012ec9ab16f223716852701f424a45848ae9ab4d637dd9,1712161216.0
1712161192.480961,3e564f43d66e8c5f61961d4aed4a40de7f485ee11ee94fea525155f4b2b9080c,1712161216.0
1712161192.480961,43dad0eeea67710def1e6c41da7c80722f1886c4b7b5b19e84b6f6f8d2babfeb,1712161192.0
1712161192.480961,330fa52eac899ac958b9ea20cf99d98d0e5e2887fef42190997341c936732550,1712161222.0
1712161194.461581,7431eee33c925273d4ec6e74dfc7307aa1ee6b1e5ae3e62567fe132cab719ccc,1712161222.0
1712161194.461581,fc000d79f3dabd4777483a46e1f54a490e866f9a36c52cabc872476ec868ee47,1712161222.0
1712161194.461581,eed75117ba5936ba851c8574e7fcc1fd407fbdc8767fa29d6a176031f5e6551c,1712161198.0
1712161194.461581,89a379640359db56275d3d065e35794e008084b5ec2e0bf91fdf2371bd3a170b,1712161222.0
1712161194.461581,5cc19081bc9f4977d23425e044e4d25a9260dff8900869b226f79c25435d751a,1712161198.0
1712161195.951561,8b767141bf7eacd8b12cd494b16d10ebb6e63c98edf7bb9dae3ad04b651e82bc,1712161222.0
1712161195.951561,615826192fcafff08a4214ac9e1621015d235a272960dd17ee6453ac6bcd13a8,1712161198.0
1712161195.951561,be0be201744e33128b2743b146cc4c995f50b08187f4e345f67bda3cda466d39,1712161222.0
1712161195.951561,3897718e37750bb1ca943a57ffbed469f352a39c44e74e8f63910c61d948fcb6,
1712161195.951561,4550d71a66f4f2cfb449addf1b377fbf711113ded2bf7bd15f5073d33ba6ab50,1712161198.0
