timestamp,txHashes
1712487367.210325,4ab0fc440cc9fef3f9f57879eb5b932dda66cc4ff4ae0ae404803d8e826ff424
1712487367.210325,bd079de7f169b5106c5356b797146eedc22e6fb17a7f7a2df95f8e23a9706e77
1712487367.210325,92e5c0f1f82c8977e055ad23edd319ad32c447166ae35df26499e8f77b27b66c
1712487367.210325,c75a0b4767203063b9d5dc99295bfd0ea362928ad604472dc7d3015bf66d2c52
1712487367.210325,3f5330efc35bdd46a5a4b55d25a52fad503f77bf9283fae9e34c4335122b59da
1712487369.282161,f44c84c5c0c80161ede58c5468e267770a6b225400e1150aa7d4b8630f21e84e
1712487369.282161,820aac586f18f30d3cd4102784479b5c116fd2eaee7bb7e9d5de8496f7912543
1712487369.282161,59dd4f0be0a8eb5fec7895b6ba7f54c9ad171dab4fa86ea33c30c42532780fe2
1712487369.282161,5e6b465d0599a30d997018b4bcd5d4d2faf2895e06cd7f32f5ea84d94c9b30f3
1712487369.282161,d062326550af27638b8c0de4986790222f94c181b0058d16e1868adf074927b2
1712487370.90919,d37f379e4548c0ba2e93cc380f147b0049e4d8214680d7ce4c3602648728f4cb
1712487370.90919,336af56a97eb71da4c4b1087e8a9da5a760ff7f938f8798b0015bf32e8fa84a2
1712487370.90919,0656ad3097b9752350a1e0090aea08f29b009700d1fa420ee004bbff54605c29
1712487370.90919,9f584f6cb7c37f2d147d5f89493f4832439059caf1897954c39f6bfd652fc6af
1712487370.90919,48f087979f4918171483674d2207f61cbefcddc6e96fbe985612e3f1c6fc2b09
1712487372.396702,6bd7aa12c8d8015d23c7ca55027f61a5ab70518575cbd43034183679c85b04fb
1712487372.396702,cf286cb94a34ea8db618a5e3cd873c7ed6af317ae452025abbddf75af57a4876
1712487372.396702,b4515fc675a9255c4d61710e8ee57a95b4601e11f961ed8df2a8301a47a862db
1712487372.396702,924cb73014e9cae04c93c53cc99ca57e1ee0df6e757b9c6194174a24d9d8e4fa
1712487372.396702,3d0562a7c56bd6011ba2cfc71ac2111a43e19a38119afb66998b815dbc7155b6
