file_name,timestamp,txHashes,realTimestamp
0,1714688867,6adb74191eb31fa937e49fe597263827b01b5412f18bf3cff2887fbec95105e8,1714688869
1,1714688867,998bef001b540c924a53c3723911906ebd42033cb846ff3e679956b3ca8492ca,1714688868
2,1714688867,77346130ccd73140fa7f5177c6951fe0c1d35061e33bb8c69585f0c1b855988c,1714688868
3,1714688867,4f0026e5dbea9b406a556389fbcc68a926c7630dbf7aa7e4a017d8712224d275,1714688869
4,1714688867,73496cf13999d15a0e4631cbdf43017feecf6ef04616a25075e3ff9aad5ae5f1,1714688869
5,1714688867,8b2cd8e61c12d6f02148537bdef40579c6cbff7ff0aba996f294d34a31992ba4,1714688869
6,1714688867,d0ef6c1d661accd17fd6046673be26289f5b72b7a232ef61307b673d11cb7b56,1714688868
7,1714688867,212c02e0bf934fc419deb67c3d0bd69a5288e3693ddec7cb82f220cb47505f8f,1714688869
8,1714688867,3e3138a8c52239e4140cfdc79ab896b1d8c5728ee2949f88d602bc1220d9fd24,1714688869
9,1714688867,fe4a5ca031b15b4ed0ce38b9c3264732231bc4b6f3924a80f8b43c65a0089d2d,1714688869
10,1714688867,9a4585f4e4441f8e3e4124de8b4a03c90755ef61d641c3bf0ac6ccd01f1e50e4,1714688869
11,1714688867,5d24066abf9f82e3e1b6cd973caf6a9f8f679260f112a939448a6b574451e740,1714688869
12,1714688867,b21257ddda7db845dbbdf361bfead7b2c515fc3849c41d08286824110f5fd32b,1714688869
13,1714688867,d7a32a0ae85390f9cac5b421c46c6aec1eabaa5f17ca5b16bd923e264df9d390,1714688869
14,1714688867,877ea1b1436c14323bde77b6dc8846b5fdec58c4eae908b1523db08b49cff8d0,1714688869
15,1714688867,ff44dbeddc33e33aca4481fb673337270561134e3a21cc6192a5de6f4d6c3ba2,1714688869
16,1714688867,864974ef7f78feb9872647c101251b7b0ff1092568e5ba190a72acdf0f38663a,1714688869
17,1714688867,250e1aa6dc3adba49143d83664cb43fb7b8186d5477a97fd8ac86ec550c23044,1714688869
18,1714688867,3f5330efc35bdd46a5a4b55d25a52fad503f77bf9283fae9e34c4335122b59da,1714688869
19,1714688867,4edd486d9eb4d75754ed13a34083826461b0ef13fb6192fbf9f7cee8b440f180,1714688869
20,1714688867,f44c84c5c0c80161ede58c5468e267770a6b225400e1150aa7d4b8630f21e84e,1714688869
21,1714688867,a976d4fa4730ed369d6ee0834f532054a5b18692059aaba584ab3def430e1f1b,1714688869
22,1714688867,f121a69f9b32a47a0cbf4778bf07c3616b361e627708cd23afffb55d9823280e,1714688869
23,1714688867,16555f34909cc0120d5753e0c106014d829e033c7023f51704c52eb4da54ea4b,1714688869
24,1714688867,59dd4f0be0a8eb5fec7895b6ba7f54c9ad171dab4fa86ea33c30c42532780fe2,1714688870
25,1714688867,5e6b465d0599a30d997018b4bcd5d4d2faf2895e06cd7f32f5ea84d94c9b30f3,1714688869
26,1714688867,1475c736e76a81a362dd16e64d7726b5af1b8a11ed475514575ab459cd4565a7,1714688869
27,1714688867,eff0c162152f8c32cfffe604f8d9a994859d27e3660b928867cea49a11a646d6,1714688869
28,1714688867,5b6c46628d0bf00e50d0662fff6646e15359c89aabc339911f941b143710fce1,1714688869
29,1714688867,f9748ab91789a6399ba3552a1abb705d617b97b91be04dc94f8227689542b876,1714688870
30,1714688867,1776b7da4e434cba533ae7c22cc10d8961a07fe360920bf935ceefe0aa3e9767,1714688870
31,1714688867,5e27f548ce046fdcfb14da92e8947fa0e804f4a0a6177def91605a2bd1fa7712,1714688870
32,1714688867,db671fec9c53669861479b63352483618ff583ae8f3c6e87c58fdf604ac81c6c,1714688870
33,1714688867,f39c82e6b538f20b7a774185d16b5bf3bd22be700736123263752beabf530f8c,1714688869
34,1714688867,8f9037cf6420a0cf56d667e708b8122c47d09307ad9942f539c4f7415ade76bd,1714688869
35,1714688867,0e29fec0ef66a8752b0ede28304d00b0e04567740db618c59951790ddd357570,1714688870
36,1714688867,3f47ecde0b81327d25d54191e536e557597567d9dc64b062f9a62d14f55375c2,1714688869
37,1714688867,738621b2aa761424ca6c2d21edd76b4328b9ca95d0245c0350162fe6fcf69724,1714688869
38,1714688867,97e1c5960159cde14ee73263d6622513d6cf73ac930ef554f95bbfff816f7204,1714688870
39,1714688867,d170bb34807c721a80983253b409efcc58ba65bd7f315f0208dd7b9a570e798b,1714688870
40,1714688867,89a0bc258073cdccc3a4642550196d22460b2a5779019c9c744ab666f0f6b656,1714688870
41,1714688867,661fd889d6da62459d45d5c4e10b62b8496a2308fe8aa21c1477af63cc2b35f6,1714688870
42,1714688867,336af56a97eb71da4c4b1087e8a9da5a760ff7f938f8798b0015bf32e8fa84a2,1714688869
43,1714688867,c02c46b00fdf2f857ed1248d8966a5249804b98db1988c506b5430de365db5cf,1714688870
44,1714688867,cdcce392466387c6d9f07d970a3e371722462760414284513b0c828ad90cabfb,1714688870
45,1714688867,6bc832c9494bb322aed29396603829e610b62dbadc40edfecf3ad060c68f16e4,1714688870
46,1714688867,2b5dc03b9e7835669ea823a24e7da5d1eaf155585c9c5f1bb2d29cf32b6875a5,1714688869
47,1714688867,49c44c62fea0298e22c3953576f3090232656cb7d6162efccbd59f85d3ac58a5,1714688869
48,1714688867,92a4b360bcf7c4a5d44762cd7d346de9ea689bfd9bb24a6edca9fc0c9c643936,1714688870
49,1714688867,6bd7aa12c8d8015d23c7ca55027f61a5ab70518575cbd43034183679c85b04fb,1714688869
50,1714688870,8de1f5f9e9b6ab2d18f24e34dcccdff64c5c4570b2aff2e28a63a4b6d390c806,1714688871
51,1714688870,6709ede0a279c2cf484056fab4e230d8356873dbb36ef6e27e4b3d991f39be05,1714688870
52,1714688870,a3a937d60459c29db2327ccb970980c5554771561b9de6f543eeb1054ab6dbfa,1714688871
53,1714688870,e814f3043adafdf7eb0eba53e91992e4529a1302eb77272692afc798eb3a297c,1714688871
54,1714688870,4ea72e1b70735482f35de58f21ab588ed93f5d359188f914a65df3fd0540e619,1714688871
55,1714688870,e72a389a799cbadf6ad2dde1bd975bde564aa3347b162f04b50386586fe7957a,1714688871
56,1714688870,b4515fc675a9255c4d61710e8ee57a95b4601e11f961ed8df2a8301a47a862db,1714688871
57,1714688870,31699b49da6b895ca4fe9d50567bc6d27b34ff91da86ccf47fc0c115fbae1ded,1714688871
58,1714688870,b035660c4ccf93ae73928aced290b77894858102b779dc7bca0d33b4457bb678,1714688871
59,1714688870,16c59e1837a5c3781573347856b7730ee240bb25e63f8cd332cc2025a25e3766,1714688871
60,1714688870,6e519561404fa65ca077a81f41386e8b6b604812d95d536d8d75e83b0f810829,1714688871
61,1714688870,3873d929f7c695d3190c468d9ee56fb67a9928e75b7e37c699539a18e759fdab,1714688871
62,1714688870,fb4ad3f741f71d02e1736325d299430c6a835e4215975c8d0236e0fd6fa12596,1714688871
63,1714688870,0d0296046caf30e2fe73b2cd6ac46421a360e2a916d7d1985e336f086345e90e,1714688871
64,1714688870,082efbd9d50d55f1cbcd13bd4554624daef48cc536d5e678b07dfa24850198e3,1714688871
65,1714688870,7d1f45e3693ad4bf6cf30399b91e19771b6eee885e1a24d0fa861f3514277b19,1714688871
66,1714688870,021abdcc1d4147da6e19264fb83a1a1c6621d6b5515cd880f3e4568799025b7d,1714688871
67,1714688870,5dfd15860123c73ce32f324f9b2d57b5d71a411a1fa9b757736af11ae471ef70,1714688871
68,1714688870,0e2bbec1a58a475ae945a871abf1fb7371bdc89729620326e4e074c9022d0e13,1714688872
69,1714688870,37eb51ecfc3ece8cda5eb5be301068843880bc1ccade1883ed0dc5543f41f4fe,1714688871
70,1714688870,ef608f7a4ef367823f181fdb2b4c6317568ba84d2b7e04d30aeb9e510a7576f0,1714688872
71,1714688870,6d07e04399994bc3f842d6135277d50527a4bb80ca825329dbbb1fe99072b9e5,1714688872
72,1714688870,13af6035f706bc126ca2ec42d43a03a37230d93013f40b28d406d43546097708,1714688871
73,1714688870,a9287b41326a0d1649a5ed888e6427a25eed0c40e937e87c9bbfe199a744eb22,1714688871
74,1714688870,27d787db5e9478fb79445e4f085a15d5560719e42abd37e0692dcd8a0908737c,1714688872
75,1714688870,8c5b8ee5a99be421d53f9c494c8999dfcfbfa53a6a1016eb5791ea306136a6c8,1714688872
76,1714688870,55a7cb203bcad4081f670beedc94bd72da1cd68f49dde1e7787f2b8f9eebbffa,1714688872
77,1714688870,5a248713349eb7dd42da0697452e186c32e2bdd9f61d13a5c2b1e7c4bdb9cb8e,1714688872
78,1714688870,8b2bf10c242775241b80710655a0fc50410b27b8ac4676a92f2ac0315ec04c78,1714688871
79,1714688870,b943a270e2e6033dc2125f8fd2ecdc4977cedd6cd919b441ca1b25cf56227c73,1714688872
80,1714688870,8598a59f10de1ec7194d0d3dc1032e0c788e4aba14d95ecfe9aa06e1e6a972fc,1714688872
81,1714688870,1d1c2fb26fdcd684b3c05e0a44c08ab93351f71ea6122a2173c71161ce3859d1,1714688871
82,1714688870,4782f90ca56246fbf5d50afbbd5273785b30bb5a8b9acaf8a63e6b1948f70402,1714688871
83,1714688870,0c5b6fc34db13b14a4beab7c37b2a8794ca9f2a97a9e5753b23596ea785ad649,1714688872
84,1714688870,39da12d7eeb009fefb6a073d52d3113066c416a2aec8cdf755c2d451211ff15a,1714688871
85,1714688870,8117210fe7df62e8f5148718c86c0bb6c579ee97f152027cc6f00b992c0e31d1,1714688872
86,1714688870,0a1d3e97db95a0b846397c7f921ed4f9cb9153e5ec134f17718ab50ea155e7f7,1714688872
87,1714688870,984eea5bb7a26a3bfd44fb408056fd51998751e08356263e7d63eae595158b8f,1714688872
88,1714688870,8b547db623c26f26ac6a333db9eb6d381e5641692106225b72398bc33b4ab3b5,1714688872
89,1714688870,cfe6d6ddb47cbf514e0113edfccc3fbc55bb598bc66c8af1d597ecd163aa0d9e,1714688872
90,1714688870,77a3ea8a9b3d446926d40704ad836d52a216804fbeb5fd8ef620c4202b807697,1714688872
91,1714688870,15f8567608188faaa0500347591c4ef3297b131d050adbe644243f8d69f25997,1714688872
92,1714688870,f19898017e6a7d75c25d4e3cbbec916c9f2e22a464b4d23055e68fd4de01b8cb,1714688872
93,1714688870,a9e5e4745adbe4fb472706948940fdac35a68c173af561fef737b8c6166e267e,1714688872
94,1714688870,ef96bd562f52ec474e2f51ed7134be133653d75b696a088157e5e70a222c9d12,1714688872
95,1714688870,0b83ef2b1b9e8335bd1ed647a4980ea21e1867c3c950262e4816a38d96ba2f85,1714688872
96,1714688870,ca429598a814a6e0b996c652d7013eb41f8889a1cbdb8683168cbcf30ef64cc6,1714688872
97,1714688870,81c69b004ef0a789d626159f3fbceeee896d5ac695ff3542d3262ba7e29cc0fc,1714688872
98,1714688870,4ad64db033ef46ded2a67b0cfdeba20026c02fdb682f189d3e4cb46c117e58fe,1714688872
99,1714688870,b001449bbae6dc88cfca6707df51d92218571826bdc751f091c2c6480a741662,1714688871
100,1714688872,237dfa6f8d646ff05e936f08245b982bbfb216dc021b21b045a497986d4e4a18,1714688873
101,1714688872,5761b4e4a64634f211a0b91483fe74574178375d6a0491c8eee1ccec447106b1,1714688873
102,1714688872,e9e2fe76875be6fb2535fcc3c868d792ce53c014eeeefc7a5f5b76658007530d,1714688874
103,1714688872,baca3e772cb480eccc5edeefaa7d060511e2986cd5e6af2ba1a7fc7e005df64d,1714688873
104,1714688872,2ef1f9ce4c05f07c0d8949c7050fb5dd2e3f6e8f205014c2b7832c35e0b5d776,1714688873
105,1714688872,35d6a0aa368ca1fecaa472ca233a031aa87c6082e5e99560f155b9e237e2d9a2,1714688873
106,1714688872,4ffb61c4766f71177e63dc73a0ece7b31ef853e028dcce9483c829d4a4f25116,1714688873
107,1714688872,3ab35ac9249f0480f8dfcddb2ad3ca5a1ff8a98e785847ff0a8b399b198b51c8,1714688873
108,1714688872,0130f0cb1260a0bca83dc55158e6213a80f650c9cf7cd6ce2f8fe63d3df5f90b,1714688873
109,1714688872,792196248dea457b5de4f6b66e804f556ed5376c75ecd4c219ca55251cbcb21a,1714688874
110,1714688872,a698d03743f60252436325388ddf6c000d066521fa427668af7c91f666e1753d,1714688873
111,1714688872,e733e4a5c8bcb7be17c4f8f9ad7b44473bee72e8d1c5abbbcb0e8fd664ae3f67,1714688873
112,1714688872,f21881895cfb9d44fb529b5a8bd682e58a43ac90d7461c7ea33e2d3052196e6e,1714688874
113,1714688872,9b874b4e5a5d665c9367b020b3f450fe094127b6849a00bdfeffb48251e663ac,1714688873
114,1714688872,c7d7b384b05c3e92069c619931ab5e1503a47af51cb3e0df9fec7da2aaf10700,1714688874
115,1714688872,972ce1a04468fa9797e409801a9e98301fc576e2d1561f2a6fc726ab3c1d4d10,1714688872
116,1714688872,4689a8974cea62a90845c4da2c7115bc48ccf0fe6096256a41dc686bf26d0bc9,1714688874
117,1714688872,f8ffe5c3f8ebd11884d38b0424a43ce4b43fa386ab63390043e79d467b8a7339,1714688874
118,1714688872,16626ba8314e942eeafa1cf4ef0f2d6e67dbf31f14cba7d54a795d0270f56883,1714688874
119,1714688872,f6a9930be4c96d05b2338c23e668b228eeb14443e69bf9d563fcbe027136c5a1,1714688874
120,1714688872,0ea0275971e524793c387802697380f50d00fe0625329012af45937c3cfae6b6,1714688874
121,1714688872,4ad2b5a3e87524ab204c8688c2a728256f14b6e9c51427948d1068285cbd4dd7,1714688873
122,1714688872,2eb8208f6b850219667f0dbc0f99f93d982699fef0f165f238cb84cccd5d0c4c,1714688874
123,1714688872,23484e8c91a48da8659c75119766c0fb35d1e141f5f399ff415bc97c74cc3a12,1714688874
124,1714688872,13f1bd73e7b8310dd269f8306c85010eebdcb2f4a2dd2e23a32cd5ef2cd0d96d,1714688873
125,1714688872,5c03a17db001f587b1e98122b2e5e9c22789407ac3b5204cb0a94b4a48f1f1df,1714688873
126,1714688872,49fc871a5ab201f3c2dddf8f35fe291b8b1b4faef31aeac9a7a5f8321da8261b,1714688874
127,1714688872,bd8176b0044ceb91922bf10045964fee050236ea6c9899d3c136110e0331a1ae,1714688874
128,1714688872,d01c4f41a6d221ce92fd0958fbd86766a3a501f4b9251d1c9a8478444cd0e7c1,1714688873
129,1714688872,5407e7d4ee44af8e886b003d56bdfccf2ffe9c39f53d5aa76cc528e6e9a715c7,1714688874
130,1714688872,078b846b43b04253f9de52c36f5b49bb73ddecfd4c3b93bc4d2a7ef41101c02d,1714688874
131,1714688872,8fd2a68f29b9f64ac843b4d33efe5bd915bf901cd489ebcc295014bc7a124247,1714688874
132,1714688872,3893a0e254a24d6f1c7c8691e983bc586acb0750a1ef37c42db2ff5d2ea14b9d,1714688874
133,1714688872,234abe6611b8862780fbea8fa3ee238758ff5744f2f774e6143d8df30a0f4b8d,1714688874
134,1714688872,77ab7134223a19defce73972119d81c09ff0820167f98d418ecdb47281cf2929,1714688874
135,1714688872,b8d2f8c428e623bc4e98560870dfc765ebaa61775e7dc2ef9bd62659c5f28678,1714688874
136,1714688872,6540ed3a6be6165b395857d11dfe942676c6623f8f607f728395238b87621c2a,1714688874
137,1714688872,604120f9f72de15748e9dd9e5f3692a009f7604f87994bc1a64c580c8f838385,1714688874
138,1714688872,f30ebe2c8e72c613dd9468133b17b261c7692f6060e0568b6535c1c19795976b,1714688874
139,1714688872,6a77eb6da1dd8fdd28d4f15ed0a939cf63a66308257e6ec4b7aeb7b1a8707b55,1714688874
140,1714688872,98edbec476802f69e7564062b5309060c23c502d69b9f93949b642f4f19fac6c,1714688874
141,1714688872,e64bf09eb39f91b849fc0f1bd0699c731aa65667de89800d1e6fbd3f53f64b90,1714688874
142,1714688872,7f6c9965e1a8652e4c3beb17f40c3604563b2598a52f6405f9f1fc2e66807859,1714688874
143,1714688872,1a0b788c851453bcaf594f46b4944cdbefb2435927aeba590e15cb771c602916,1714688874
144,1714688872,c2380821bf2e76465d9953ecc56b62c19eda0fc77395b1e780b8f5a9e469d453,1714688874
145,1714688872,7d2bd7ce37b8ddb283ce9e843e79ae53447f7d3018beaa7ea73a085e0a294a8a,1714688874
146,1714688872,2cc5f218c8a13b1260599655768223043e7806c51c8539a471cfa8688a22338f,1714688874
147,1714688872,3fee00ac691247a8978f228e70001842e472c0e639c00fc582de3020f66a933c,1714688874
148,1714688872,68ec4df3b2dbb49c90a3b79c93df0bd848e3c8c514f4f015cb0ba63e102a04b9,1714688874
149,1714688872,f75581767bb88bb2ac69b512705eb965979ea878ec0aaf366b5bc052b2e64853,1714688874
150,1714688874,a87f69a560b9af2bba6adc1fad321ee1e888354858b31b7e9efef5ee33728dcd,1714688876
151,1714688874,68f8965a03f2ca422c05d3b9b69d810295fffe9cdfb01ec07156500250d52975,1714688875
152,1714688874,236b5f873388f8289a87d1bc21a9cbba1f07ddba58998b95d207699c4e85860d,1714688876
153,1714688874,a079d8dab10dc7598d0ecb684ab45f8ac319ecc3e3d4e868ba539947a8d7f48a,1714688875
154,1714688874,b29caaae8b94b0ac4ee6aae748ff4d44958f99d6c88dfbfbacf9484e30c48860,1714688875
155,1714688874,15be021922d0592ca2d8ea0825ba6a5f543b42838541a74230b548e60cad5acb,1714688875
156,1714688874,0d79e288273681d49d353429f837db3502afbea575a53abef6191937af9ba58e,1714688876
157,1714688874,74f7df56aac0002be8311716653d70f2e1857acfcd51a0d7b33cdfa83c947dca,1714688875
158,1714688874,56baa4a930fef5d84aefa3dbdc116c5905d1d0252c7d9ad1ce53bffa0d4236cf,1714688875
159,1714688874,b95ec17c5999561b63f77ec625980508267fbae007d7e26bb623d2d24a19a24a,1714688875
160,1714688874,00af8d2de67630434fe9a6b19a09f568c0d7c3657d643e904455ae070c48ea29,1714688875
161,1714688874,91a412244f15295763f5370e3ad88998f7b0f9f04a0e5d79127ad8f245346bb6,1714688876
162,1714688874,50c8bd83933b5119474b528874ab11fa6f65d1f218ccadc560d08a3abc7fc563,1714688876
163,1714688874,83c7cc83d866a89a43af5ff3a9d8427b7788f2f3393afdf4707e5e4cbb4c4057,1714688875
164,1714688874,78cb5a4163718bf043f64180b300ed4859e53b28f5302b886611f4c591474b95,1714688876
165,1714688874,44fddf1adb9e91c91f69fdc15423efd6b7eb132ca9644b58f61a88fa403f837b,1714688876
166,1714688874,c78742730faec36c0ca686a5601fe3d6fcaed7be0d03d56be0ad611ffae21d70,1714688876
167,1714688874,92f0253274e2e48c0da1b04583152b26558d91d4eb96f31a99140a40b4d206ad,1714688876
168,1714688874,11227b5a8fe2ecba7dd47d63ae765b6a0e0d5e881152c0f6dd74049b090cba6b,1714688876
169,1714688874,8244afc308da72649e52f0bd8e601e75e01214855e2aecbd499f2daa7458c8b8,1714688876
170,1714688874,6d96886f85bd1cfc379f375c53c4ca4cbade192dcad3717f93ec769ec80cbd0e,1714688876
171,1714688874,528b253c813c7de502b9f8c8f6b4509e3c8652deb5a908bdb3f681e9a260bdcb,1714688876
172,1714688874,3de9bc700ec98129fdb2ea9557d2540397817a4a5d6edfa0aaded108aa5fc182,1714688876
173,1714688874,91e6f50db75e4d7ea4cd9b1b0e2bb800a474ed08966dfcbf367bffe2caef1e8d,1714688876
174,1714688874,54a2a37d2878bfa66e2f4503ac358b33bff34ea377ab71410421aa67cc51d5a1,1714688876
175,1714688874,bc8c7ed9d3656d0823f9a12f16b121e5aae7042794bf49374c14a6f0339d1957,1714688876
176,1714688874,18088e0717530ba66ccae84df116d01f6c98072a8cf779938ff7603d4b773381,1714688876
177,1714688874,aa19897bc84a7e89c676758b9b21858256956a9c9c1dcfda900d0a27f6a1ca57,1714688876
178,1714688874,8d390138c29b458ca700d22a7363297bdb03f7649cfeb6d393fe52eede9cf2ea,1714688876
179,1714688874,34f1b1b28ee4845d97fed2e38ca346c76f4172720457195d36cc37301feb0b0d,1714688876
180,1714688874,506ba6e6136780b2fe95a1975600e0d5fe65ef495b3b2d5ee3b9341cfd7412a4,1714688876
181,1714688874,36ee2a3ea6b9b2758b4977c8c3b1a58bd59bf9b2b584ecad860eb30b6946a55d,1714688876
182,1714688874,beb697db0f7ff711bb8608e5dbdad76b2e0ba16c9401718b26fbb4f422b54a6c,1714688876
183,1714688874,3fa3837c6bef17cba088f367fc05dca749ba5bc1a7f10412ec8df3de9e6d83fb,1714688876
184,1714688874,d04e0696f2c569818f998ad49ce0505f70f52864167c0dfad5ab9e34c2d1cdc3,1714688876
185,1714688874,56bedf6de3bd786ce616430900ed600dd38c581d93a60a76ed1f5632c092d4f8,1714688876
186,1714688874,79bc4bcf33f14b3fd57c75ab33ca16a73c61c2cbe9b4b244066f23f9822b4c16,1714688876
187,1714688874,b0d0272014b52946586149cce2935895ecad2a7de4434e94c5dd042a61e78e0c,1714688876
188,1714688874,6c6bbbcdc633f6291787c21b17753cdef63d7965dd86a3826cec0e687bf2dce3,1714688876
189,1714688874,b099b7f872e8a973fe65569bd2e4c8fe679a6c48765b6778f02204c66fc85e39,1714688876
190,1714688874,7d1f1acae3615d74acd5b33291f05bb863fc643c3a8ff639f84f025ffa3c875a,1714688876
191,1714688874,0873ea1a1a4d76183503f95f3effb1d7e5f8478533c19e091b570953811b3524,1714688876
192,1714688874,5d1daf70eb2cf88119dc28abd2cf7578229846983b6f64b8a2c445360802e7ca,1714688876
193,1714688874,28b2c5e0ccf150453958a082adbcc3d6c93f8f2f5420b6f60993b645cf3609d4,1714688876
194,1714688874,b734ccf5be81659c3c2a0db2d50349b5f3da9fc0959994b44c37e5971e8fbce5,1714688876
195,1714688874,1d5f1c8761456a0fa6d3218601d16c2afed21490ead40743ac5efcfe235c9d6e,1714688876
196,1714688874,f0c9856bccbe275d6789e1a1480c04f76d646c39e9ec36124ce4e299b2bb9e0c,1714688876
197,1714688874,358473137e9e2a43d3f44750206c18dd7b7e700e5468080d790b3c08a8ea3c6c,1714688876
198,1714688874,dafff1c3166b5da13b3e2a9948a858e53c5a34d932c5175e9d83c4b42f03f78d,1714688876
199,1714688874,2c5a571feabcecfb7fef65c43861ccc0eb05ed6b602857631f886ba389a311ca,1714688876
0,1714691135,6adb74191eb31fa937e49fe597263827b01b5412f18bf3cff2887fbec95105e8,1714691136
1,1714691135,998bef001b540c924a53c3723911906ebd42033cb846ff3e679956b3ca8492ca,1714691137
2,1714691135,77346130ccd73140fa7f5177c6951fe0c1d35061e33bb8c69585f0c1b855988c,1714691137
3,1714691135,4f0026e5dbea9b406a556389fbcc68a926c7630dbf7aa7e4a017d8712224d275,1714691137
4,1714691135,73496cf13999d15a0e4631cbdf43017feecf6ef04616a25075e3ff9aad5ae5f1,1714691136
5,1714691135,8b2cd8e61c12d6f02148537bdef40579c6cbff7ff0aba996f294d34a31992ba4,1714691136
6,1714691135,d0ef6c1d661accd17fd6046673be26289f5b72b7a232ef61307b673d11cb7b56,1714691137
7,1714691135,212c02e0bf934fc419deb67c3d0bd69a5288e3693ddec7cb82f220cb47505f8f,1714691136
8,1714691135,3e3138a8c52239e4140cfdc79ab896b1d8c5728ee2949f88d602bc1220d9fd24,1714691137
9,1714691135,fe4a5ca031b15b4ed0ce38b9c3264732231bc4b6f3924a80f8b43c65a0089d2d,1714691137
10,1714691135,9a4585f4e4441f8e3e4124de8b4a03c90755ef61d641c3bf0ac6ccd01f1e50e4,1714691137
11,1714691135,5d24066abf9f82e3e1b6cd973caf6a9f8f679260f112a939448a6b574451e740,1714691137
12,1714691135,b21257ddda7db845dbbdf361bfead7b2c515fc3849c41d08286824110f5fd32b,1714691137
13,1714691135,d7a32a0ae85390f9cac5b421c46c6aec1eabaa5f17ca5b16bd923e264df9d390,1714691137
14,1714691135,877ea1b1436c14323bde77b6dc8846b5fdec58c4eae908b1523db08b49cff8d0,1714691137
15,1714691135,ff44dbeddc33e33aca4481fb673337270561134e3a21cc6192a5de6f4d6c3ba2,1714691137
16,1714691135,864974ef7f78feb9872647c101251b7b0ff1092568e5ba190a72acdf0f38663a,1714691137
17,1714691135,250e1aa6dc3adba49143d83664cb43fb7b8186d5477a97fd8ac86ec550c23044,1714691137
18,1714691135,3f5330efc35bdd46a5a4b55d25a52fad503f77bf9283fae9e34c4335122b59da,1714691137
19,1714691135,4edd486d9eb4d75754ed13a34083826461b0ef13fb6192fbf9f7cee8b440f180,1714691137
20,1714691135,f44c84c5c0c80161ede58c5468e267770a6b225400e1150aa7d4b8630f21e84e,1714691137
21,1714691135,a976d4fa4730ed369d6ee0834f532054a5b18692059aaba584ab3def430e1f1b,1714691137
22,1714691135,f121a69f9b32a47a0cbf4778bf07c3616b361e627708cd23afffb55d9823280e,1714691137
23,1714691135,16555f34909cc0120d5753e0c106014d829e033c7023f51704c52eb4da54ea4b,1714691137
24,1714691135,59dd4f0be0a8eb5fec7895b6ba7f54c9ad171dab4fa86ea33c30c42532780fe2,1714691137
25,1714691135,5e6b465d0599a30d997018b4bcd5d4d2faf2895e06cd7f32f5ea84d94c9b30f3,1714691137
26,1714691135,1475c736e76a81a362dd16e64d7726b5af1b8a11ed475514575ab459cd4565a7,1714691137
27,1714691135,eff0c162152f8c32cfffe604f8d9a994859d27e3660b928867cea49a11a646d6,1714691137
28,1714691135,5b6c46628d0bf00e50d0662fff6646e15359c89aabc339911f941b143710fce1,1714691137
29,1714691135,f9748ab91789a6399ba3552a1abb705d617b97b91be04dc94f8227689542b876,1714691137
30,1714691135,1776b7da4e434cba533ae7c22cc10d8961a07fe360920bf935ceefe0aa3e9767,1714691137
31,1714691135,5e27f548ce046fdcfb14da92e8947fa0e804f4a0a6177def91605a2bd1fa7712,1714691137
32,1714691135,db671fec9c53669861479b63352483618ff583ae8f3c6e87c58fdf604ac81c6c,1714691137
33,1714691135,f39c82e6b538f20b7a774185d16b5bf3bd22be700736123263752beabf530f8c,1714691137
34,1714691135,8f9037cf6420a0cf56d667e708b8122c47d09307ad9942f539c4f7415ade76bd,1714691137
35,1714691135,0e29fec0ef66a8752b0ede28304d00b0e04567740db618c59951790ddd357570,1714691137
36,1714691135,3f47ecde0b81327d25d54191e536e557597567d9dc64b062f9a62d14f55375c2,1714691137
37,1714691135,738621b2aa761424ca6c2d21edd76b4328b9ca95d0245c0350162fe6fcf69724,1714691137
38,1714691135,97e1c5960159cde14ee73263d6622513d6cf73ac930ef554f95bbfff816f7204,1714691137
39,1714691135,d170bb34807c721a80983253b409efcc58ba65bd7f315f0208dd7b9a570e798b,1714691137
40,1714691135,89a0bc258073cdccc3a4642550196d22460b2a5779019c9c744ab666f0f6b656,1714691137
41,1714691135,661fd889d6da62459d45d5c4e10b62b8496a2308fe8aa21c1477af63cc2b35f6,1714691137
42,1714691135,336af56a97eb71da4c4b1087e8a9da5a760ff7f938f8798b0015bf32e8fa84a2,1714691137
43,1714691135,c02c46b00fdf2f857ed1248d8966a5249804b98db1988c506b5430de365db5cf,1714691137
44,1714691135,cdcce392466387c6d9f07d970a3e371722462760414284513b0c828ad90cabfb,1714691137
45,1714691135,6bc832c9494bb322aed29396603829e610b62dbadc40edfecf3ad060c68f16e4,1714691137
46,1714691135,2b5dc03b9e7835669ea823a24e7da5d1eaf155585c9c5f1bb2d29cf32b6875a5,1714691137
47,1714691135,49c44c62fea0298e22c3953576f3090232656cb7d6162efccbd59f85d3ac58a5,1714691137
48,1714691135,92a4b360bcf7c4a5d44762cd7d346de9ea689bfd9bb24a6edca9fc0c9c643936,1714691137
49,1714691135,6bd7aa12c8d8015d23c7ca55027f61a5ab70518575cbd43034183679c85b04fb,1714691137
50,1714691137,8de1f5f9e9b6ab2d18f24e34dcccdff64c5c4570b2aff2e28a63a4b6d390c806,1714691139
51,1714691137,6709ede0a279c2cf484056fab4e230d8356873dbb36ef6e27e4b3d991f39be05,1714691140
52,1714691137,a3a937d60459c29db2327ccb970980c5554771561b9de6f543eeb1054ab6dbfa,1714691140
53,1714691137,e814f3043adafdf7eb0eba53e91992e4529a1302eb77272692afc798eb3a297c,1714691139
54,1714691137,4ea72e1b70735482f35de58f21ab588ed93f5d359188f914a65df3fd0540e619,1714691139
55,1714691137,e72a389a799cbadf6ad2dde1bd975bde564aa3347b162f04b50386586fe7957a,1714691139
56,1714691137,b4515fc675a9255c4d61710e8ee57a95b4601e11f961ed8df2a8301a47a862db,1714691140
57,1714691137,31699b49da6b895ca4fe9d50567bc6d27b34ff91da86ccf47fc0c115fbae1ded,1714691139
58,1714691137,b035660c4ccf93ae73928aced290b77894858102b779dc7bca0d33b4457bb678,1714691139
59,1714691137,16c59e1837a5c3781573347856b7730ee240bb25e63f8cd332cc2025a25e3766,1714691140
60,1714691137,6e519561404fa65ca077a81f41386e8b6b604812d95d536d8d75e83b0f810829,1714691140
61,1714691137,3873d929f7c695d3190c468d9ee56fb67a9928e75b7e37c699539a18e759fdab,1714691139
62,1714691137,fb4ad3f741f71d02e1736325d299430c6a835e4215975c8d0236e0fd6fa12596,1714691139
63,1714691137,0d0296046caf30e2fe73b2cd6ac46421a360e2a916d7d1985e336f086345e90e,1714691139
64,1714691137,082efbd9d50d55f1cbcd13bd4554624daef48cc536d5e678b07dfa24850198e3,1714691140
65,1714691137,7d1f45e3693ad4bf6cf30399b91e19771b6eee885e1a24d0fa861f3514277b19,1714691139
66,1714691137,021abdcc1d4147da6e19264fb83a1a1c6621d6b5515cd880f3e4568799025b7d,1714691140
67,1714691137,5dfd15860123c73ce32f324f9b2d57b5d71a411a1fa9b757736af11ae471ef70,1714691139
68,1714691137,0e2bbec1a58a475ae945a871abf1fb7371bdc89729620326e4e074c9022d0e13,1714691140
69,1714691137,37eb51ecfc3ece8cda5eb5be301068843880bc1ccade1883ed0dc5543f41f4fe,1714691140
70,1714691137,ef608f7a4ef367823f181fdb2b4c6317568ba84d2b7e04d30aeb9e510a7576f0,1714691139
71,1714691137,6d07e04399994bc3f842d6135277d50527a4bb80ca825329dbbb1fe99072b9e5,1714691139
72,1714691137,13af6035f706bc126ca2ec42d43a03a37230d93013f40b28d406d43546097708,1714691140
73,1714691137,a9287b41326a0d1649a5ed888e6427a25eed0c40e937e87c9bbfe199a744eb22,1714691139
74,1714691137,27d787db5e9478fb79445e4f085a15d5560719e42abd37e0692dcd8a0908737c,1714691140
75,1714691137,8c5b8ee5a99be421d53f9c494c8999dfcfbfa53a6a1016eb5791ea306136a6c8,1714691140
76,1714691137,55a7cb203bcad4081f670beedc94bd72da1cd68f49dde1e7787f2b8f9eebbffa,1714691140
77,1714691137,5a248713349eb7dd42da0697452e186c32e2bdd9f61d13a5c2b1e7c4bdb9cb8e,1714691140
78,1714691137,8b2bf10c242775241b80710655a0fc50410b27b8ac4676a92f2ac0315ec04c78,1714691140
79,1714691137,b943a270e2e6033dc2125f8fd2ecdc4977cedd6cd919b441ca1b25cf56227c73,1714691140
80,1714691137,8598a59f10de1ec7194d0d3dc1032e0c788e4aba14d95ecfe9aa06e1e6a972fc,1714691140
81,1714691137,1d1c2fb26fdcd684b3c05e0a44c08ab93351f71ea6122a2173c71161ce3859d1,1714691140
82,1714691137,4782f90ca56246fbf5d50afbbd5273785b30bb5a8b9acaf8a63e6b1948f70402,1714691139
83,1714691137,0c5b6fc34db13b14a4beab7c37b2a8794ca9f2a97a9e5753b23596ea785ad649,1714691140
84,1714691137,39da12d7eeb009fefb6a073d52d3113066c416a2aec8cdf755c2d451211ff15a,1714691139
85,1714691137,8117210fe7df62e8f5148718c86c0bb6c579ee97f152027cc6f00b992c0e31d1,1714691140
86,1714691137,0a1d3e97db95a0b846397c7f921ed4f9cb9153e5ec134f17718ab50ea155e7f7,1714691140
87,1714691137,984eea5bb7a26a3bfd44fb408056fd51998751e08356263e7d63eae595158b8f,1714691140
88,1714691137,8b547db623c26f26ac6a333db9eb6d381e5641692106225b72398bc33b4ab3b5,1714691139
89,1714691137,cfe6d6ddb47cbf514e0113edfccc3fbc55bb598bc66c8af1d597ecd163aa0d9e,1714691140
90,1714691137,77a3ea8a9b3d446926d40704ad836d52a216804fbeb5fd8ef620c4202b807697,1714691140
91,1714691137,15f8567608188faaa0500347591c4ef3297b131d050adbe644243f8d69f25997,1714691139
92,1714691137,f19898017e6a7d75c25d4e3cbbec916c9f2e22a464b4d23055e68fd4de01b8cb,1714691140
93,1714691137,a9e5e4745adbe4fb472706948940fdac35a68c173af561fef737b8c6166e267e,1714691140
94,1714691137,ef96bd562f52ec474e2f51ed7134be133653d75b696a088157e5e70a222c9d12,1714691140
95,1714691137,0b83ef2b1b9e8335bd1ed647a4980ea21e1867c3c950262e4816a38d96ba2f85,1714691140
96,1714691137,ca429598a814a6e0b996c652d7013eb41f8889a1cbdb8683168cbcf30ef64cc6,1714691140
97,1714691137,81c69b004ef0a789d626159f3fbceeee896d5ac695ff3542d3262ba7e29cc0fc,1714691140
98,1714691137,4ad64db033ef46ded2a67b0cfdeba20026c02fdb682f189d3e4cb46c117e58fe,1714691140
99,1714691137,b001449bbae6dc88cfca6707df51d92218571826bdc751f091c2c6480a741662,1714691140
100,1714691140,237dfa6f8d646ff05e936f08245b982bbfb216dc021b21b045a497986d4e4a18,1714691141
101,1714691140,5761b4e4a64634f211a0b91483fe74574178375d6a0491c8eee1ccec447106b1,1714691142
102,1714691140,e9e2fe76875be6fb2535fcc3c868d792ce53c014eeeefc7a5f5b76658007530d,1714691142
103,1714691140,baca3e772cb480eccc5edeefaa7d060511e2986cd5e6af2ba1a7fc7e005df64d,1714691141
104,1714691140,2ef1f9ce4c05f07c0d8949c7050fb5dd2e3f6e8f205014c2b7832c35e0b5d776,1714691141
105,1714691140,35d6a0aa368ca1fecaa472ca233a031aa87c6082e5e99560f155b9e237e2d9a2,1714691141
106,1714691140,4ffb61c4766f71177e63dc73a0ece7b31ef853e028dcce9483c829d4a4f25116,1714691142
107,1714691140,3ab35ac9249f0480f8dfcddb2ad3ca5a1ff8a98e785847ff0a8b399b198b51c8,1714691141
108,1714691140,0130f0cb1260a0bca83dc55158e6213a80f650c9cf7cd6ce2f8fe63d3df5f90b,1714691142
109,1714691140,792196248dea457b5de4f6b66e804f556ed5376c75ecd4c219ca55251cbcb21a,1714691141
110,1714691140,a698d03743f60252436325388ddf6c000d066521fa427668af7c91f666e1753d,1714691141
111,1714691140,e733e4a5c8bcb7be17c4f8f9ad7b44473bee72e8d1c5abbbcb0e8fd664ae3f67,1714691141
112,1714691140,f21881895cfb9d44fb529b5a8bd682e58a43ac90d7461c7ea33e2d3052196e6e,1714691142
113,1714691140,9b874b4e5a5d665c9367b020b3f450fe094127b6849a00bdfeffb48251e663ac,1714691141
114,1714691140,c7d7b384b05c3e92069c619931ab5e1503a47af51cb3e0df9fec7da2aaf10700,1714691142
115,1714691140,972ce1a04468fa9797e409801a9e98301fc576e2d1561f2a6fc726ab3c1d4d10,1714691142
116,1714691140,4689a8974cea62a90845c4da2c7115bc48ccf0fe6096256a41dc686bf26d0bc9,1714691142
117,1714691140,f8ffe5c3f8ebd11884d38b0424a43ce4b43fa386ab63390043e79d467b8a7339,1714691142
118,1714691140,16626ba8314e942eeafa1cf4ef0f2d6e67dbf31f14cba7d54a795d0270f56883,1714691142
119,1714691140,f6a9930be4c96d05b2338c23e668b228eeb14443e69bf9d563fcbe027136c5a1,1714691142
120,1714691140,0ea0275971e524793c387802697380f50d00fe0625329012af45937c3cfae6b6,1714691142
121,1714691140,4ad2b5a3e87524ab204c8688c2a728256f14b6e9c51427948d1068285cbd4dd7,1714691142
122,1714691140,2eb8208f6b850219667f0dbc0f99f93d982699fef0f165f238cb84cccd5d0c4c,1714691142
123,1714691140,23484e8c91a48da8659c75119766c0fb35d1e141f5f399ff415bc97c74cc3a12,1714691142
124,1714691140,13f1bd73e7b8310dd269f8306c85010eebdcb2f4a2dd2e23a32cd5ef2cd0d96d,1714691142
125,1714691140,5c03a17db001f587b1e98122b2e5e9c22789407ac3b5204cb0a94b4a48f1f1df,1714691142
126,1714691140,49fc871a5ab201f3c2dddf8f35fe291b8b1b4faef31aeac9a7a5f8321da8261b,1714691142
127,1714691140,bd8176b0044ceb91922bf10045964fee050236ea6c9899d3c136110e0331a1ae,1714691142
128,1714691140,d01c4f41a6d221ce92fd0958fbd86766a3a501f4b9251d1c9a8478444cd0e7c1,1714691141
129,1714691140,5407e7d4ee44af8e886b003d56bdfccf2ffe9c39f53d5aa76cc528e6e9a715c7,1714691142
130,1714691140,078b846b43b04253f9de52c36f5b49bb73ddecfd4c3b93bc4d2a7ef41101c02d,1714691142
131,1714691140,8fd2a68f29b9f64ac843b4d33efe5bd915bf901cd489ebcc295014bc7a124247,1714691142
132,1714691140,3893a0e254a24d6f1c7c8691e983bc586acb0750a1ef37c42db2ff5d2ea14b9d,1714691142
133,1714691140,234abe6611b8862780fbea8fa3ee238758ff5744f2f774e6143d8df30a0f4b8d,1714691142
134,1714691140,77ab7134223a19defce73972119d81c09ff0820167f98d418ecdb47281cf2929,1714691142
135,1714691140,b8d2f8c428e623bc4e98560870dfc765ebaa61775e7dc2ef9bd62659c5f28678,1714691142
136,1714691140,6540ed3a6be6165b395857d11dfe942676c6623f8f607f728395238b87621c2a,1714691142
137,1714691140,604120f9f72de15748e9dd9e5f3692a009f7604f87994bc1a64c580c8f838385,1714691142
138,1714691140,f30ebe2c8e72c613dd9468133b17b261c7692f6060e0568b6535c1c19795976b,1714691142
139,1714691140,6a77eb6da1dd8fdd28d4f15ed0a939cf63a66308257e6ec4b7aeb7b1a8707b55,1714691142
140,1714691140,98edbec476802f69e7564062b5309060c23c502d69b9f93949b642f4f19fac6c,1714691142
141,1714691140,e64bf09eb39f91b849fc0f1bd0699c731aa65667de89800d1e6fbd3f53f64b90,1714691142
142,1714691140,7f6c9965e1a8652e4c3beb17f40c3604563b2598a52f6405f9f1fc2e66807859,1714691142
143,1714691140,1a0b788c851453bcaf594f46b4944cdbefb2435927aeba590e15cb771c602916,1714691142
144,1714691140,c2380821bf2e76465d9953ecc56b62c19eda0fc77395b1e780b8f5a9e469d453,1714691142
145,1714691140,7d2bd7ce37b8ddb283ce9e843e79ae53447f7d3018beaa7ea73a085e0a294a8a,1714691142
146,1714691140,2cc5f218c8a13b1260599655768223043e7806c51c8539a471cfa8688a22338f,1714691142
147,1714691140,3fee00ac691247a8978f228e70001842e472c0e639c00fc582de3020f66a933c,1714691142
148,1714691140,68ec4df3b2dbb49c90a3b79c93df0bd848e3c8c514f4f015cb0ba63e102a04b9,1714691142
149,1714691140,f75581767bb88bb2ac69b512705eb965979ea878ec0aaf366b5bc052b2e64853,1714691142
150,1714691142,a87f69a560b9af2bba6adc1fad321ee1e888354858b31b7e9efef5ee33728dcd,1714691143
151,1714691142,68f8965a03f2ca422c05d3b9b69d810295fffe9cdfb01ec07156500250d52975,1714691144
152,1714691142,236b5f873388f8289a87d1bc21a9cbba1f07ddba58998b95d207699c4e85860d,1714691144
153,1714691142,a079d8dab10dc7598d0ecb684ab45f8ac319ecc3e3d4e868ba539947a8d7f48a,1714691144
154,1714691142,b29caaae8b94b0ac4ee6aae748ff4d44958f99d6c88dfbfbacf9484e30c48860,1714691143
155,1714691142,15be021922d0592ca2d8ea0825ba6a5f543b42838541a74230b548e60cad5acb,1714691144
156,1714691142,0d79e288273681d49d353429f837db3502afbea575a53abef6191937af9ba58e,1714691144
157,1714691142,74f7df56aac0002be8311716653d70f2e1857acfcd51a0d7b33cdfa83c947dca,1714691144
158,1714691142,56baa4a930fef5d84aefa3dbdc116c5905d1d0252c7d9ad1ce53bffa0d4236cf,1714691144
159,1714691142,b95ec17c5999561b63f77ec625980508267fbae007d7e26bb623d2d24a19a24a,1714691144
160,1714691142,00af8d2de67630434fe9a6b19a09f568c0d7c3657d643e904455ae070c48ea29,1714691144
161,1714691142,91a412244f15295763f5370e3ad88998f7b0f9f04a0e5d79127ad8f245346bb6,1714691144
162,1714691142,50c8bd83933b5119474b528874ab11fa6f65d1f218ccadc560d08a3abc7fc563,1714691144
163,1714691142,83c7cc83d866a89a43af5ff3a9d8427b7788f2f3393afdf4707e5e4cbb4c4057,1714691144
164,1714691142,78cb5a4163718bf043f64180b300ed4859e53b28f5302b886611f4c591474b95,1714691144
165,1714691142,44fddf1adb9e91c91f69fdc15423efd6b7eb132ca9644b58f61a88fa403f837b,1714691144
166,1714691142,c78742730faec36c0ca686a5601fe3d6fcaed7be0d03d56be0ad611ffae21d70,1714691144
167,1714691142,92f0253274e2e48c0da1b04583152b26558d91d4eb96f31a99140a40b4d206ad,1714691144
168,1714691142,11227b5a8fe2ecba7dd47d63ae765b6a0e0d5e881152c0f6dd74049b090cba6b,1714691144
169,1714691142,8244afc308da72649e52f0bd8e601e75e01214855e2aecbd499f2daa7458c8b8,1714691144
170,1714691142,6d96886f85bd1cfc379f375c53c4ca4cbade192dcad3717f93ec769ec80cbd0e,1714691144
171,1714691142,528b253c813c7de502b9f8c8f6b4509e3c8652deb5a908bdb3f681e9a260bdcb,1714691144
172,1714691142,3de9bc700ec98129fdb2ea9557d2540397817a4a5d6edfa0aaded108aa5fc182,1714691144
173,1714691142,91e6f50db75e4d7ea4cd9b1b0e2bb800a474ed08966dfcbf367bffe2caef1e8d,1714691144
174,1714691142,54a2a37d2878bfa66e2f4503ac358b33bff34ea377ab71410421aa67cc51d5a1,1714691144
175,1714691142,bc8c7ed9d3656d0823f9a12f16b121e5aae7042794bf49374c14a6f0339d1957,1714691144
176,1714691142,18088e0717530ba66ccae84df116d01f6c98072a8cf779938ff7603d4b773381,1714691144
177,1714691142,aa19897bc84a7e89c676758b9b21858256956a9c9c1dcfda900d0a27f6a1ca57,1714691144
178,1714691142,8d390138c29b458ca700d22a7363297bdb03f7649cfeb6d393fe52eede9cf2ea,1714691144
179,1714691142,34f1b1b28ee4845d97fed2e38ca346c76f4172720457195d36cc37301feb0b0d,1714691144
180,1714691142,506ba6e6136780b2fe95a1975600e0d5fe65ef495b3b2d5ee3b9341cfd7412a4,1714691144
181,1714691142,36ee2a3ea6b9b2758b4977c8c3b1a58bd59bf9b2b584ecad860eb30b6946a55d,1714691145
182,1714691142,beb697db0f7ff711bb8608e5dbdad76b2e0ba16c9401718b26fbb4f422b54a6c,1714691144
183,1714691142,3fa3837c6bef17cba088f367fc05dca749ba5bc1a7f10412ec8df3de9e6d83fb,1714691144
184,1714691142,d04e0696f2c569818f998ad49ce0505f70f52864167c0dfad5ab9e34c2d1cdc3,1714691145
185,1714691142,56bedf6de3bd786ce616430900ed600dd38c581d93a60a76ed1f5632c092d4f8,1714691144
186,1714691142,79bc4bcf33f14b3fd57c75ab33ca16a73c61c2cbe9b4b244066f23f9822b4c16,1714691145
187,1714691142,b0d0272014b52946586149cce2935895ecad2a7de4434e94c5dd042a61e78e0c,1714691144
188,1714691142,6c6bbbcdc633f6291787c21b17753cdef63d7965dd86a3826cec0e687bf2dce3,1714691144
189,1714691142,b099b7f872e8a973fe65569bd2e4c8fe679a6c48765b6778f02204c66fc85e39,1714691144
190,1714691142,7d1f1acae3615d74acd5b33291f05bb863fc643c3a8ff639f84f025ffa3c875a,1714691144
191,1714691142,0873ea1a1a4d76183503f95f3effb1d7e5f8478533c19e091b570953811b3524,1714691144
192,1714691142,5d1daf70eb2cf88119dc28abd2cf7578229846983b6f64b8a2c445360802e7ca,1714691144
193,1714691142,28b2c5e0ccf150453958a082adbcc3d6c93f8f2f5420b6f60993b645cf3609d4,1714691144
194,1714691142,b734ccf5be81659c3c2a0db2d50349b5f3da9fc0959994b44c37e5971e8fbce5,1714691144
195,1714691142,1d5f1c8761456a0fa6d3218601d16c2afed21490ead40743ac5efcfe235c9d6e,1714691145
196,1714691142,f0c9856bccbe275d6789e1a1480c04f76d646c39e9ec36124ce4e299b2bb9e0c,1714691145
197,1714691142,358473137e9e2a43d3f44750206c18dd7b7e700e5468080d790b3c08a8ea3c6c,1714691144
198,1714691142,dafff1c3166b5da13b3e2a9948a858e53c5a34d932c5175e9d83c4b42f03f78d,1714691145
199,1714691142,2c5a571feabcecfb7fef65c43861ccc0eb05ed6b602857631f886ba389a311ca,1714691145
